county,plan_type,carrier,workbook_plan_name,plan_number,contract_pbp,match_status,cms_plan_name,cms_org,cms_plan_type,cms_snp_type,cms_premium,cms_moop,cms_overall_stars,cms_sanctioned,benefit_year_status
Miami-Dade,Giveback,Humana,Humana Gold Plus Giveback  (HMO),H1036-305,H1036305,CMS 2026 county + segment match,Humana Gold Plus Giveback H1036-305 (HMO),Humana,HMO,Not Applicable,$0.00 ,"$3,850.00 ",4.5,No,Historical 2026 CMS reference only — not verified 2027 benefits
Miami-Dade,Giveback,Humana,Humana USAA Honor Giveback (HMO),H1036-279,H1036279,CMS 2026 county + segment match,Humana USAA Honor Giveback (HMO),Humana,HMO,Not Applicable,Not Applicable,"$3,400.00 ",4.5,No,Historical 2026 CMS reference only — not verified 2027 benefits
Miami-Dade,Giveback,CarePlus,CareFree Platinum     Giveback (HMO),H1019-136,H1019136,CMS 2026 county + segment match,CareFree Platinum Giveback (HMO),"CarePlus Health Plans, Inc.",HMO,Not Applicable,$0.00 ,"$3,000.00 ",4.5,No,Historical 2026 CMS reference only — not verified 2027 benefits
Miami-Dade,Giveback,CarePlus,CareSalute (HMO),H1019-132,H1019132,CMS 2026 county + segment match,CareSalute (HMO),"CarePlus Health Plans, Inc.",HMO,Not Applicable,Not Applicable,"$3,900.00 ",4.5,No,Historical 2026 CMS reference only — not verified 2027 benefits
Miami-Dade,Giveback,Devoted,Devoted GIVEBACK 013 FL (HMO),H1290-013,H1290013,CMS 2026 county + segment match,DEVOTED GIVEBACK 013 FL (HMO),Devoted Health,HMO,Not Applicable,$0.00 ,"$6,750.00 ",5.0,No,Historical 2026 CMS reference only — not verified 2027 benefits
Miami-Dade,Terminated 1/1/2027,Doctors HealthCare,Doctors DrElite-SFL (HMO),H4140-019,H4140019,CMS 2026 county + segment match,DrElite-SFL (HMO),"Doctors HealthCare Plans, Inc.",HMO,Not Applicable,$0.00 ,"$3,400.00 ",4.5,No,Historical 2026 CMS reference only — not verified 2027 benefits
Miami-Dade,Giveback,HealthSun,Healthsun HealthAdvantage Plus (HMO),H5431-017,H5431017,CMS 2026 county + segment match,HealthSun HealthAdvantage Plus (HMO),"HealthSun Health Plans, Inc.",HMO,Not Applicable,$0.00 ,"$3,450.00 ",4.5,No,Historical 2026 CMS reference only — not verified 2027 benefits
Miami-Dade,Giveback,Simply,Simply Extra Platinum (HMO),H5471-113,H5471113,CMS 2026 county + segment match,Simply Extra Platinum (HMO),"Simply Healthcare Plans, Inc.",HMO,Not Applicable,$0.00 ,"$2,450.00 ",4.5,No,Historical 2026 CMS reference only — not verified 2027 benefits
Miami-Dade,Giveback,Wellcare,Wellcare Giveback (HMO),H1032-195,H1032195,CMS 2026 county + segment match,Wellcare Giveback (HMO),Wellcare,HMO,Not Applicable,$0.00 ,"$5,000.00 ",4.0,No,Historical 2026 CMS reference only — not verified 2027 benefits
Miami-Dade,Giveback,Wellcare,Wellcare Patriot Giveback (HMO),H1032-239,H1032239,CMS 2026 county + segment match,Wellcare Patriot Giveback (HMO),Wellcare,HMO,Not Applicable,Not Applicable,"$5,000.00 ",4.0,No,Historical 2026 CMS reference only — not verified 2027 benefits
Miami-Dade,Core Plans,Preferred Care Network,UHC MedicareMax Medicare Advantage FL-0028 (HMO),H5420-001,H5420001,CMS 2026 county + segment match,UHC MedicareMax Medicare Advantage FL-0028 (HMO),UnitedHealthcare,HMO,Not Applicable,$0.00 ,"$3,900.00 ",4.5,No,Historical 2026 CMS reference only — not verified 2027 benefits
Miami-Dade,Core Plans,Preferred Care Partners,UHC Preferred Medicare Advantage FL-0001 (HMO),H1045-001,H1045001,CMS 2026 county + segment match,UHC Preferred Medicare Advantage FL-0001 (HMO),UnitedHealthcare,HMO,Not Applicable,$0.00 ,"$2,900.00 ",4.5,No,Historical 2026 CMS reference only — not verified 2027 benefits
Miami-Dade,Core Plans,Humana,Humana Gold Plus C (HMO),H1036-054,H1036054,CMS 2026 county + segment match,Humana Gold Plus H1036-054C (HMO),Humana,HMO,Not Applicable,$0.00 ,$500.00 ,4.5,No,Historical 2026 CMS reference only — not verified 2027 benefits
Miami-Dade,Core Plans,Aetna,Aetna Medicare Select (HMO),H1609-093,H1609093,CMS 2026 county + segment match,Aetna Medicare Select (HMO),Aetna Medicare,HMO,Not Applicable,$0.00 ,"$2,900.00 ",4.5,No,Historical 2026 CMS reference only — not verified 2027 benefits
Miami-Dade,Core Plans,CarePlus,CareAccess (HMO),H1019-148,H1019148,CMS 2026 county + segment match,CareAccess (HMO),"CarePlus Health Plans, Inc.",HMO,Not Applicable,$0.00 ,"$2,250.00 ",4.5,No,Historical 2026 CMS reference only — not verified 2027 benefits
Miami-Dade,Core Plans,CarePlus,CareOne Plus (HMO),H1019-006,H1019006,CMS 2026 county + segment match,CareOne Plus (HMO),"CarePlus Health Plans, Inc.",HMO,Not Applicable,$0.00 ,$500.00 ,4.5,No,Historical 2026 CMS reference only — not verified 2027 benefits
Miami-Dade,Core Plans,Cigna / HealthSpring,HealthSpring Preferred (HMO),H5410-060,H5410060,CMS 2026 county + segment match,HealthSpring Preferred (HMO),HealthSpring,HMO,Not Applicable,$0.00 ,"$6,750.00 ",3.5,No,Historical 2026 CMS reference only — not verified 2027 benefits
Miami-Dade,Core Plans,Devoted,Devoted CORE 001 FL (HMO),H1290-001,H1290001,CMS 2026 county + segment match,DEVOTED CORE 001 FL (HMO),Devoted Health,HMO,Not Applicable,$0.00 ,"$3,900.00 ",5.0,No,Historical 2026 CMS reference only — not verified 2027 benefits
Miami-Dade,Core Plans,Devoted,Devoted CORE 062 FL (HMO),H1290-062,H1290062,CMS 2026 county + segment match,DEVOTED CORE 062 FL (HMO),Devoted Health,HMO,Not Applicable,$0.00 ,"$3,900.00 ",5.0,No,Historical 2026 CMS reference only — not verified 2027 benefits
Miami-Dade,Core Plans,Devoted,Devoted PREMIUM 037 FL (HMO),H1290-037-001,H1290037,CMS 2026 county + segment match,DEVOTED PREMIUM 037 FL (HMO),Devoted Health,HMO,Not Applicable,$4.80 ,"$3,900.00 ",5.0,No,Historical 2026 CMS reference only — not verified 2027 benefits
Miami-Dade,Core Plans,Doctors HealthCare,Doctors DrSelect-SFL (HMO),H4140-023,H4140023,Not in CY2026 landscape,,,,,,,,,Historical 2026 CMS reference only — not verified 2027 benefits
Miami-Dade,Core Plans,Doctors HealthCare,Doctors DrMax-Dade (HMO),H4140-022,H4140022,Not in CY2026 landscape,,,,,,,,,Historical 2026 CMS reference only — not verified 2027 benefits
Miami-Dade,Core Plans,HealthSun,HealthSun HealthAdvantage Plan (HMO),H5431-001,H5431001,CMS 2026 county + segment match,HealthSun HealthAdvantage Plan (HMO),"HealthSun Health Plans, Inc.",HMO,Not Applicable,$0.00 ,"$1,500.00 ",4.5,No,Historical 2026 CMS reference only — not verified 2027 benefits
Miami-Dade,Core Plans,HealthSun,HealthSun MediMax (HMO),H5431-006,H5431006,CMS 2026 county + segment match,HealthSun MediMax (HMO),"HealthSun Health Plans, Inc.",HMO,Not Applicable,$0.00 ,"$3,450.00 ",4.5,No,Historical 2026 CMS reference only — not verified 2027 benefits
Miami-Dade,Core Plans,Simply,Simply More (HMO),H5471-065,H5471065,CMS 2026 county + segment match,Simply More (HMO),"Simply Healthcare Plans, Inc.",HMO,Not Applicable,$0.00 ,"$3,850.00 ",4.5,No,Historical 2026 CMS reference only — not verified 2027 benefits
Miami-Dade,Core Plans,Simply,Simply More Platinum (HMO),H5471-114,H5471114,CMS 2026 county + segment match,Simply More Platinum (HMO),"Simply Healthcare Plans, Inc.",HMO,Not Applicable,$0.00 ,"$3,400.00 ",4.5,No,Historical 2026 CMS reference only — not verified 2027 benefits
Miami-Dade,Core Plans,Wellcare,Wellcare Simple (HMO),H1032-237,H1032237,CMS 2026 county + segment match,Wellcare Simple (HMO),Wellcare,HMO,Not Applicable,$0.00 ,"$1,000.00 ",4.0,No,Historical 2026 CMS reference only — not verified 2027 benefits
Miami-Dade,Core Plans,Solis,Solis Healthy Living Plan (HMO),H0982-022,H0982022,CMS 2026 county + segment match,Solis Healthy Living Plan (HMO),Solis Health Plans,HMO,Not Applicable,$0.00 ,"$2,500.00 ",4.5,No,Historical 2026 CMS reference only — not verified 2027 benefits
Miami-Dade,C-SNP,Preferred Care Network,UHC MedicareMax Complete Care FL-30 (HMO C-SNP),H5420-014,H5420014,CMS 2026 county + segment match,UHC MedicareMax Complete Care FL-30 (HMO C-SNP),UnitedHealthcare,HMO C-SNP,Chronic or Disabling Condition,$0.00 ,"$3,400.00 ",4.5,No,Historical 2026 CMS reference only — not verified 2027 benefits
Miami-Dade,C-SNP,Preferred Care Partners,UHC Preferred Complete Care FL-0003 (HMO C-SNP),H1045-018,H1045018,CMS 2026 county + segment match,UHC Preferred Complete Care FL-0003 (HMO C-SNP),UnitedHealthcare,HMO C-SNP,Chronic or Disabling Condition,$0.00 ,"$2,900.00 ",4.5,No,Historical 2026 CMS reference only — not verified 2027 benefits
Miami-Dade,C-SNP,Humana,Humana Gold Plus - Diabetes and Heart (HMO C-SNP),H1036-121,H1036121,CMS 2026 county + segment match,Humana Gold Plus - Diabetes and Heart (HMO C-SNP),Humana,HMO C-SNP,Chronic or Disabling Condition,$0.00 ,"$2,450.00 ",4.5,No,Historical 2026 CMS reference only — not verified 2027 benefits
Miami-Dade,C-SNP,Humana,Humana Gold Plus Lung (HMO C-SNP),H1036-297,H1036297,CMS 2026 county + segment match,Humana Gold Plus Lung (HMO C-SNP),Humana,HMO C-SNP,Chronic or Disabling Condition,$0.00 ,"$2,450.00 ",4.5,No,Historical 2026 CMS reference only — not verified 2027 benefits
Miami-Dade,C-SNP,Aetna,Aetna Medicare Chronic Care (HMO C-SNP),H1609-094,H1609094,CMS 2026 county + segment match,Aetna Medicare Chronic Care (HMO C-SNP),Aetna Medicare,HMO C-SNP,Chronic or Disabling Condition,$0.00 ,"$3,900.00 ",4.5,No,Historical 2026 CMS reference only — not verified 2027 benefits
Miami-Dade,C-SNP,CarePlus,CareBreeze (HMO C-SNP),H1019-154,H1019154,CMS 2026 county + segment match,CareBreeze (HMO C-SNP),"CarePlus Health Plans, Inc.",HMO C-SNP,Chronic or Disabling Condition,$0.00 ,"$2,000.00 ",4.5,No,Historical 2026 CMS reference only — not verified 2027 benefits
Miami-Dade,C-SNP,CarePlus,CareBreeze Platinum       (HMO C-SNP),H1019-123,H1019123,CMS 2026 county + segment match,CareBreeze Platinum (HMO C-SNP),"CarePlus Health Plans, Inc.",HMO C-SNP,Chronic or Disabling Condition,$0.00 ,"$2,000.00 ",4.5,No,Historical 2026 CMS reference only — not verified 2027 benefits
Miami-Dade,C-SNP,CarePlus,CareComplete (HMO C-SNP),H1019-150,H1019150,CMS 2026 county + segment match,CareComplete (HMO C-SNP),"CarePlus Health Plans, Inc.",HMO C-SNP,Chronic or Disabling Condition,$0.00 ,"$2,000.00 ",4.5,No,Historical 2026 CMS reference only — not verified 2027 benefits
Miami-Dade,C-SNP,CarePlus,CareComplete Platinum (HMO C-SNP),H1019-121,H1019121,CMS 2026 county + segment match,CareComplete Platinum (HMO C-SNP),"CarePlus Health Plans, Inc.",HMO C-SNP,Chronic or Disabling Condition,$0.00 ,"$2,000.00 ",4.5,No,Historical 2026 CMS reference only — not verified 2027 benefits
Miami-Dade,C-SNP,Devoted,Devoted C-SNP Plus 085 FL (HMO C-SNP),H1290-085,H1290085,CMS 2026 county + segment match,DEVOTED C-SNP PLUS 085 FL (HMO C-SNP),Devoted Health,HMO C-SNP,Chronic or Disabling Condition,$4.80 ,"$9,250.00 ",5.0,No,Historical 2026 CMS reference only — not verified 2027 benefits
Miami-Dade,C-SNP,Devoted,Devoted C-SNP Premium 067 Fl (HMO C-SNP),H1290-067,H1290067,CMS 2026 county + segment match,DEVOTED C-SNP PREMIUM 067 FL (HMO C-SNP),Devoted Health,HMO C-SNP,Chronic or Disabling Condition,$4.80 ,"$3,900.00 ",5.0,No,Historical 2026 CMS reference only — not verified 2027 benefits
Miami-Dade,C-SNP,Doctors HealthCare,Doctors DrExtraCare-SFL (HMO C-SNP),H4140-024,H4140024,Not in CY2026 landscape,,,,,,,,,Historical 2026 CMS reference only — not verified 2027 benefits
Miami-Dade,C-SNP,HealthSun,HealthSun VitalCare      (HMO-C-SNP),H5431-021,H5431021,CMS 2026 county + segment match,HealthSun VitalCare (HMO C-SNP),"HealthSun Health Plans, Inc.",HMO C-SNP,Chronic or Disabling Condition,$0.00 ,"$1,900.00 ",4.5,No,Historical 2026 CMS reference only — not verified 2027 benefits
Miami-Dade,C-SNP,Simply,Simply Level (HMO-C-SNP),H5471-069,H5471069,CMS 2026 county + segment match,Simply Level (HMO C-SNP),"Simply Healthcare Plans, Inc.",HMO C-SNP,Chronic or Disabling Condition,$0.00 ,"$3,450.00 ",4.5,No,Historical 2026 CMS reference only — not verified 2027 benefits
Miami-Dade,C-SNP,Simply,Simply Level Platinum   (HMO-C-SNP),H5471-116,H5471116,CMS 2026 county + segment match,Simply Level Platinum (HMO C-SNP),"Simply Healthcare Plans, Inc.",HMO C-SNP,Chronic or Disabling Condition,$0.00 ,"$2,450.00 ",4.5,No,Historical 2026 CMS reference only — not verified 2027 benefits
Miami-Dade,C-SNP,GK / Solis,GK Gold Dialysis & Kidney            (HMO-POS C-SNP),H1526-009,H1526009,CMS 2026 county + segment match,Gold Dialysis & Kidney (HMO-POS C-SNP),Gold Kidney Health Plan,HMO-POS C-SNP,Chronic or Disabling Condition,$0.00 ,"$1,900.00 ",Not Enough Data Available,No,Historical 2026 CMS reference only — not verified 2027 benefits
Miami-Dade,C-SNP,GK / Solis,GK Gold Dialysis & Kidney Complete (HMO-POS C-SNP),H1526-004,H1526004,CMS 2026 county + segment match,Gold Dialysis & Kidney Complete (HMO-POS C-SNP),Gold Kidney Health Plan,HMO-POS C-SNP,Chronic or Disabling Condition,$4.80 ,"$9,250.00 ",Not Enough Data Available,No,Historical 2026 CMS reference only — not verified 2027 benefits
Miami-Dade,C-SNP,GK / Solis,GK Gold Health Plan                  (HMO-POS C-SNP),H1526-008,H1526008,CMS 2026 county + segment match,Gold Health (HMO-POS C-SNP),Gold Kidney Health Plan,HMO-POS C-SNP,Chronic or Disabling Condition,$0.00 ,"$1,900.00 ",Not Enough Data Available,No,Historical 2026 CMS reference only — not verified 2027 benefits
Miami-Dade,C-SNP,GK / Solis,GK Gold Heart & Diabetes Complete (HMO-POS C-SNP),H1526-002,H1526002,CMS 2026 county + segment match,Gold Heart & Diabetes Complete (HMO-POS C-SNP),Gold Kidney Health Plan,HMO-POS C-SNP,Chronic or Disabling Condition,$0.00 ,"$9,250.00 ",Not Enough Data Available,No,Historical 2026 CMS reference only — not verified 2027 benefits
Miami-Dade,C-SNP,Solis,Solis Wellness Giveback Plan (HMO C-SNP),H0982-028,H0982028,CMS 2026 county + segment match,Solis Wellness Giveback Plan (HMO C-SNP),Solis Health Plans,HMO C-SNP,Chronic or Disabling Condition,$0.00 ,"$2,500.00 ",4.5,No,Historical 2026 CMS reference only — not verified 2027 benefits
Miami-Dade,C-SNP,Solis,Solis Wellness Plan (HMO C-SNP),H0982-016,H0982016,CMS 2026 county + segment match,Solis Wellness Plan (HMO C-SNP),Solis Health Plans,HMO C-SNP,Chronic or Disabling Condition,$0.00 ,"$2,500.00 ",4.5,No,Historical 2026 CMS reference only — not verified 2027 benefits
Miami-Dade,D-SNP,Preferred Care Partners,UHC Preferred Dual Complete FL-Y6 (HMO-POS D-SNP),H1045-063,H1045063,CMS 2026 county + segment match,UHC Preferred Dual Complete FL-Y2 (HMO-POS D-SNP),UnitedHealthcare,HMO-POS D-SNP,Dual-Eligible,$4.80 ,"$9,250.00 ",4.5,No,Historical 2026 CMS reference only — not verified 2027 benefits
Miami-Dade,D-SNP,UnitedHealthcare,UHC Dual Complete FL-YL (HMO-POS D-SNP),H2509-001,H2509001,CMS 2026 county + segment match,UHC Dual Complete FL-Y001 (HMO-POS D-SNP),UnitedHealthcare,HMO-POS D-SNP,Dual-Eligible,$0.00 ,"$9,250.00 ",3.5,No,Historical 2026 CMS reference only — not verified 2027 benefits
Miami-Dade,D-SNP,UnitedHealthcare (Closed 1/1/2027; Noncommissionable),UHC Dual Complete FL-Q3 (Regional PPO D-SNP),R0759-003,R0759003,CMS 2026 county + segment match,UHC Dual Complete FL-D005 (Regional PPO D-SNP),UnitedHealthcare,Regional PPO D-SNP,Dual-Eligible,$4.80 ,"$9,250.00 ",3.5,No,Historical 2026 CMS reference only — not verified 2027 benefits
Miami-Dade,D-SNP,UnitedHealthcare (Closed 1/1/2027; Noncommissionable),UHC Dual Complete FL-Q1 (PPO D-SNP),H1889-002-002,H1889002,CMS 2026 county + segment match,UHC Dual Complete FL-D003 (PPO D-SNP),UnitedHealthcare,PPO D-SNP,Dual-Eligible,$4.80 ,"$9,250.00 ",4.0,No,Historical 2026 CMS reference only — not verified 2027 benefits
Miami-Dade,D-SNP,UnitedHealthcare (Closed 1/1/2027; Noncommissionable),UHC Dual Complete FL-Y7 (PPO D-SNP),H1889-026,H1889026,CMS 2026 county + segment match,UHC Dual Complete FL-Y4 (PPO D-SNP),UnitedHealthcare,PPO D-SNP,Dual-Eligible,$4.80 ,"$9,250.00 ",4.0,No,Historical 2026 CMS reference only — not verified 2027 benefits
Miami-Dade,D-SNP,Preferred Care Partners,UHC Preferred Dual Complete FL-QV4 (HMO D-SNP),H1045-012,H1045012,CMS 2026 county + segment match,UHC Preferred Dual Complete FL-D001 (HMO D-SNP),UnitedHealthcare,HMO D-SNP,Dual-Eligible,$4.80 ,"$9,250.00 ",4.5,No,Historical 2026 CMS reference only — not verified 2027 benefits
Miami-Dade,D-SNP,Preferred Care Partners,UHC Preferred Dual Complete FL-QV5 (HMO D-SNP),H1045-061,H1045061,CMS 2026 county + segment match,UHC Preferred Dual Complete FL-V1 (HMO D-SNP),UnitedHealthcare,HMO D-SNP,Dual-Eligible,$4.80 ,"$2,900.00 ",4.5,No,Historical 2026 CMS reference only — not verified 2027 benefits
Miami-Dade,D-SNP,Humana,Humana Dual Integrated (HMO D-SNP),H1036-339,H1036339,CMS 2026 county + segment match,Humana Dual Integrated (HMO D-SNP),Humana,HMO D-SNP,Dual-Eligible,$0.00 ,"$9,250.00 ",4.5,No,Historical 2026 CMS reference only — not verified 2027 benefits
Miami-Dade,D-SNP,Humana,Humana Fully Integrated (HMO D-SNP),H1036-280,H1036280,CMS 2026 county + segment match,Humana Fully Integrated H1036-280 (HMO D-SNP),Humana,HMO D-SNP,Dual-Eligible,$0.00 ,"$3,400.00 ",4.5,No,Historical 2026 CMS reference only — not verified 2027 benefits
Miami-Dade,D-SNP,Humana,Humana Gold Plus SNP-DE (HMO D-SNP),H1036-304,H1036304,CMS 2026 county + segment match,Humana Gold Plus SNP-DE H1036-304 (HMO D-SNP),Humana,HMO D-SNP,Dual-Eligible,$0.00 ,"$3,400.00 ",4.5,No,Historical 2026 CMS reference only — not verified 2027 benefits
Miami-Dade,D-SNP,Humana,Humana Gold Plus SNP-DE A (HMO D-SNP),H1036-077,H1036077,CMS 2026 county + segment match,Humana Gold Plus SNP-DE H1036-077A (HMO D-SNP),Humana,HMO D-SNP,Dual-Eligible,$0.00 ,"$3,400.00 ",4.5,No,Historical 2026 CMS reference only — not verified 2027 benefits
Miami-Dade,D-SNP,Aetna,Aetna Medicare Dual Select (HMO D-SNP),H1609-043,H1609043,CMS 2026 county + segment match,Aetna Medicare Dual Select (HMO D-SNP),Aetna Medicare,HMO D-SNP,Dual-Eligible,$0.00 ,"$9,250.00 ",4.5,No,Historical 2026 CMS reference only — not verified 2027 benefits
Miami-Dade,D-SNP,Aetna,Aetna Medicare Full Dual Select (HMO D-SNP),H1609-073,H1609073,CMS 2026 county + segment match,Aetna Medicare Full Dual Select (HMO D-SNP),Aetna Medicare,HMO D-SNP,Dual-Eligible,$1.30 ,"$9,250.00 ",4.5,No,Historical 2026 CMS reference only — not verified 2027 benefits
Miami-Dade,D-SNP,CarePlus,CareNeeds Extra               (HMO D-SNP),H1019-152,H1019152,CMS 2026 county + segment match,CareNeeds Extra (HMO D-SNP),"CarePlus Health Plans, Inc.",HMO D-SNP,Dual-Eligible,$0.00 ,"$9,250.00 ",4.5,No,Historical 2026 CMS reference only — not verified 2027 benefits
Miami-Dade,D-SNP,CarePlus,CareNeeds Platinum       (HMO D-SNP),H1019-023,H1019023,CMS 2026 county + segment match,CareNeeds Platinum (HMO D-SNP),"CarePlus Health Plans, Inc.",HMO D-SNP,Dual-Eligible,$0.00 ,"$3,400.00 ",4.5,No,Historical 2026 CMS reference only — not verified 2027 benefits
Miami-Dade,D-SNP,Cigna / HealthSpring,HealthSpring TotalCare (HMO-D-SNP),H5410-056,H5410056,CMS 2026 county + segment match,HealthSpring TotalCare (HMO D-SNP),HealthSpring,HMO D-SNP,Dual-Eligible,$4.80 ,"$3,500.00 ",3.5,No,Historical 2026 CMS reference only — not verified 2027 benefits
Miami-Dade,D-SNP,Devoted,Devoted DUAL 019 FL    (HMO-D-SNP),H1290-019,H1290019,CMS 2026 county + segment match,DEVOTED DUAL 019 FL (HMO D-SNP),Devoted Health,HMO D-SNP,Dual-Eligible,$0.00 ,"$3,900.00 ",5.0,No,Historical 2026 CMS reference only — not verified 2027 benefits
Miami-Dade,D-SNP,Devoted,Devoted DUAL FULL 078 FL (HMO D-SNP),H1290-078,H1290078,CMS 2026 county + segment match,DEVOTED DUAL FULL 078 FL (HMO D-SNP),Devoted Health,HMO D-SNP,Dual-Eligible,$0.00 ,"$9,250.00 ",5.0,No,Historical 2026 CMS reference only — not verified 2027 benefits
Miami-Dade,D-SNP,Devoted,Devoted DUAL PLUS 053 FL (HMO D-SNP),H1290-053,H1290053,CMS 2026 county + segment match,DEVOTED DUAL PLUS 053 FL (HMO D-SNP),Devoted Health,HMO D-SNP,Dual-Eligible,$0.00 ,"$9,250.00 ",5.0,No,Historical 2026 CMS reference only — not verified 2027 benefits
Miami-Dade,D-SNP,Doctors HealthCare,Doctors DrFullDual-SFL (HMO D-SNP),H4140-013,H4140013,CMS 2026 county + segment match,DrFlex (HMO D-SNP),"Doctors HealthCare Plans, Inc.",HMO D-SNP,Dual-Eligible,$1.10 ,"$3,400.00 ",4.5,No,Historical 2026 CMS reference only — not verified 2027 benefits
Miami-Dade,D-SNP,Doctors HealthCare,Doctors DrPartialDual-SFL (HMO D-SNP),H4140-020,H4140020,Not in CY2026 landscape,,,,,,,,,Historical 2026 CMS reference only — not verified 2027 benefits
Miami-Dade,D-SNP,HealthSun,HealthSun MediSun Extra (HMO-D-SNP),H5431-019,H5431019,CMS 2026 county + segment match,HealthSun MediSun Extra (HMO D-SNP),"HealthSun Health Plans, Inc.",HMO D-SNP,Dual-Eligible,$0.00 ,"$3,450.00 ",4.5,No,Historical 2026 CMS reference only — not verified 2027 benefits
Miami-Dade,D-SNP,HealthSun,HealthSun MediSun Full Dual Extra (HMO-D-SNP),H5431-026,H5431026,CMS 2026 county + segment match,HealthSun MediSun Full Dual Extra (HMO D-SNP),"HealthSun Health Plans, Inc.",HMO D-SNP,Dual-Eligible,$0.00 ,"$3,450.00 ",4.5,No,Historical 2026 CMS reference only — not verified 2027 benefits
Miami-Dade,D-SNP,Simply,Simply Complete              (HMO D-SNP),H5471-064,H5471064,CMS 2026 county + segment match,Simply Complete (HMO D-SNP),"Simply Healthcare Plans, Inc.",HMO D-SNP,Dual-Eligible,$0.00 ,$500.00 ,4.5,No,Historical 2026 CMS reference only — not verified 2027 benefits
Miami-Dade,D-SNP,Simply,Simply Complete Platinum (HMO-D-SNP),H5471-115,H5471115,CMS 2026 county + segment match,Simply Complete Platinum (HMO D-SNP),"Simply Healthcare Plans, Inc.",HMO D-SNP,Dual-Eligible,$4.80 ,$500.00 ,4.5,No,Historical 2026 CMS reference only — not verified 2027 benefits
Miami-Dade,D-SNP,Simply,Simply Integrated            (HMO D-SNP),H5471-127,H5471127,CMS 2026 county + segment match,Simply Integrated (HMO D-SNP),"Simply Healthcare Plans, Inc.",HMO D-SNP,Dual-Eligible,$0.00 ,$500.00 ,4.5,No,Historical 2026 CMS reference only — not verified 2027 benefits
Miami-Dade,D-SNP,Simply,Simply Integrated Platinum (HMO-D-SNP),H5471-134,H5471134,CMS 2026 county + segment match,Simply Integrated Platinum (HMO D-SNP),"Simply Healthcare Plans, Inc.",HMO D-SNP,Dual-Eligible,$4.80 ,$500.00 ,4.5,No,Historical 2026 CMS reference only — not verified 2027 benefits
Miami-Dade,D-SNP,Wellcare,Wellcare Dual Access Sync     (HMO D-SNP),H1032-244-001,H1032244,CMS 2026 county + segment match,Wellcare Dual Access Sync (HMO D-SNP),Wellcare,HMO D-SNP,Dual-Eligible,$4.80 ,"$9,250.00 ",4.0,No,Historical 2026 CMS reference only — not verified 2027 benefits
Miami-Dade,D-SNP,Wellcare,Wellcare Dual Reserve      (HMO D-SNP),H1032-202,H1032202,CMS 2026 county + segment match,Wellcare Dual Reserve (HMO D-SNP),Wellcare,HMO D-SNP,Dual-Eligible,$4.80 ,"$3,000.00 ",4.0,No,Historical 2026 CMS reference only — not verified 2027 benefits
Miami-Dade,D-SNP,Wellcare,Wellcare Sunshine Health Dual Align (HMO D-SNP),H1032-245-001,H1032245,CMS 2026 county + segment match,Wellcare Sunshine Health Dual Align (HMO D-SNP),Wellcare,HMO D-SNP,Dual-Eligible,$4.80 ,"$9,250.00 ",4.0,No,Historical 2026 CMS reference only — not verified 2027 benefits
Miami-Dade,D-SNP,Solis,Solis Guardian Plan (HMO D-SNP),H0982-002,H0982002,CMS 2026 county + segment match,Solis Guardian Plan (HMO D-SNP),Solis Health Plans,HMO D-SNP,Dual-Eligible,$0.00 ,"$3,400.00 ",4.5,No,Historical 2026 CMS reference only — not verified 2027 benefits
Broward,Giveback,Humana,Humana Gold Plus Giveback  (HMO),H1036-305,H1036305,CMS 2026 county + segment match,Humana Gold Plus Giveback H1036-305 (HMO),Humana,HMO,Not Applicable,$0.00 ,"$3,850.00 ",4.5,No,Historical 2026 CMS reference only — not verified 2027 benefits
Broward,Giveback,Humana,Humana USAA Honor Giveback (HMO),H1036-279,H1036279,CMS 2026 county + segment match,Humana USAA Honor Giveback (HMO),Humana,HMO,Not Applicable,Not Applicable,"$3,400.00 ",4.5,No,Historical 2026 CMS reference only — not verified 2027 benefits
Broward,Giveback,CarePlus,CareFree Giveback (HMO),H1019-065,H1019065,CMS 2026 county + segment match,CareFree Giveback (HMO),"CarePlus Health Plans, Inc.",HMO,Not Applicable,$0.00 ,"$5,000.00 ",4.5,No,Historical 2026 CMS reference only — not verified 2027 benefits
Broward,Giveback,CarePlus,CareFree Platinum Giveback (HMO-POS),H1019-135,H1019135,CMS 2026 county + segment match,CareFree Platinum Giveback (HMO-POS),"CarePlus Health Plans, Inc.",HMO-POS,Not Applicable,$0.00 ,"$3,400.00 ",4.5,No,Historical 2026 CMS reference only — not verified 2027 benefits
Broward,Giveback,CarePlus,CareSalute (HMO),H1019-132,H1019132,CMS 2026 county + segment match,CareSalute (HMO),"CarePlus Health Plans, Inc.",HMO,Not Applicable,Not Applicable,"$3,900.00 ",4.5,No,Historical 2026 CMS reference only — not verified 2027 benefits
Broward,Giveback,Devoted,Devoted GIVEBACK 014 FL (HMO),H1290-014,H1290014,CMS 2026 county + segment match,DEVOTED GIVEBACK 014 FL (HMO),Devoted Health,HMO,Not Applicable,$0.00 ,"$6,750.00 ",5.0,No,Historical 2026 CMS reference only — not verified 2027 benefits
Broward,Terminated 1/1/2027,Doctors HealthCare,Doctors DrElite-SFL (HMO),H4140-019,H4140019,CMS 2026 county + segment match,DrElite-SFL (HMO),"Doctors HealthCare Plans, Inc.",HMO,Not Applicable,$0.00 ,"$3,400.00 ",4.5,No,Historical 2026 CMS reference only — not verified 2027 benefits
Broward,Giveback,HealthSun,Healthsun HealthAdvantage Plus (HMO),H5431-018,H5431018,CMS 2026 county + segment match,HealthSun HealthAdvantage Plus (HMO),"HealthSun Health Plans, Inc.",HMO,Not Applicable,$0.00 ,"$3,450.00 ",4.5,No,Historical 2026 CMS reference only — not verified 2027 benefits
Broward,Giveback,Optimum,Optimum Gold Rewards Plan (HMO),H5594-001,H5594001,CMS 2026 county + segment match,Optimum Gold Rewards Plan (HMO),"Optimum HealthCare, Inc.",HMO,Not Applicable,$0.00 ,"$1,900.00 ",4.5,No,Historical 2026 CMS reference only — not verified 2027 benefits
Broward,Giveback,Simply,Simply Extra Platinum (HMO),H5471-123,H5471123,CMS 2026 county + segment match,Simply Extra Platinum (HMO),"Simply Healthcare Plans, Inc.",HMO,Not Applicable,$0.00 ,"$3,200.00 ",4.5,No,Historical 2026 CMS reference only — not verified 2027 benefits
Broward,Giveback,Wellcare,Wellcare Giveback (HMO),H1032-195,H1032195,CMS 2026 county + segment match,Wellcare Giveback (HMO),Wellcare,HMO,Not Applicable,$0.00 ,"$5,000.00 ",4.0,No,Historical 2026 CMS reference only — not verified 2027 benefits
Broward,Giveback,Wellcare,Wellcare Patriot Giveback (HMO),H1032-239,H1032239,CMS 2026 county + segment match,Wellcare Patriot Giveback (HMO),Wellcare,HMO,Not Applicable,Not Applicable,"$5,000.00 ",4.0,No,Historical 2026 CMS reference only — not verified 2027 benefits
Broward,Core Plans,Preferred Care Network,UHC MedicareMax Medicare Advantage FL-0029 (HMO),H5420-003,H5420003,CMS 2026 county + segment match,UHC MedicareMax Medicare Advantage FL-0029 (HMO),UnitedHealthcare,HMO,Not Applicable,$0.00 ,"$2,900.00 ",4.5,No,Historical 2026 CMS reference only — not verified 2027 benefits
Broward,Core Plans,Preferred Care Partners,UHC Preferred Medicare Advantage FL-0002 (HMO),H1045-005,H1045005,CMS 2026 county + segment match,UHC Preferred Medicare Advantage FL-0002 (HMO),UnitedHealthcare,HMO,Not Applicable,$0.00 ,"$2,900.00 ",4.5,No,Historical 2026 CMS reference only — not verified 2027 benefits
Broward,Core Plans,Humana,Humana Gold Plus C (HMO),H1036-065,H1036065,CMS 2026 county + segment match,Humana Gold Plus H1036-065C (HMO),Humana,HMO,Not Applicable,$0.00 ,"$1,000.00 ",4.5,No,Historical 2026 CMS reference only — not verified 2027 benefits
Broward,Core Plans,Aetna,Aetna Medicare Select (HMO),H1609-018,H1609018,CMS 2026 county + segment match,Aetna Medicare Select (HMO),Aetna Medicare,HMO,Not Applicable,$0.00 ,"$2,900.00 ",4.5,No,Historical 2026 CMS reference only — not verified 2027 benefits
Broward,Core Plans,Aetna,Aetna Medicare Select Extra (HMO),H1609-028,H1609028,CMS 2026 county + segment match,Aetna Medicare Select Extra (HMO-POS),Aetna Medicare,HMO-POS,Not Applicable,$0.00 ,"$6,750.00 ",4.5,No,Historical 2026 CMS reference only — not verified 2027 benefits
Broward,Core Plans,CarePlus,CareAccess (HMO),H1019-148,H1019148,CMS 2026 county + segment match,CareAccess (HMO),"CarePlus Health Plans, Inc.",HMO,Not Applicable,$0.00 ,"$2,250.00 ",4.5,No,Historical 2026 CMS reference only — not verified 2027 benefits
Broward,Core Plans,CarePlus,CareOne Plus (HMO-POS),H1019-001,H1019001,CMS 2026 county + segment match,CareOne Plus (HMO-POS),"CarePlus Health Plans, Inc.",HMO-POS,Not Applicable,$0.00 ,"$2,000.00 ",4.5,No,Historical 2026 CMS reference only — not verified 2027 benefits
Broward,Core Plans,Cigna / HealthSpring,HealthSpring Preferred (HMO),H5410-060,H5410060,CMS 2026 county + segment match,HealthSpring Preferred (HMO),HealthSpring,HMO,Not Applicable,$0.00 ,"$6,750.00 ",3.5,No,Historical 2026 CMS reference only — not verified 2027 benefits
Broward,Core Plans,Devoted,Devoted CORE 002 FL (HMO),H1290-002,H1290002,CMS 2026 county + segment match,DEVOTED CORE 002 FL (HMO),Devoted Health,HMO,Not Applicable,$0.00 ,"$3,900.00 ",5.0,No,Historical 2026 CMS reference only — not verified 2027 benefits
Broward,Core Plans,Devoted,Devoted CORE 056 FL (HMO),H1290-056,H1290056,CMS 2026 county + segment match,DEVOTED CORE 056 FL (HMO),Devoted Health,HMO,Not Applicable,$0.00 ,"$3,900.00 ",5.0,No,Historical 2026 CMS reference only — not verified 2027 benefits
Broward,Core Plans,Devoted,Devoted PREMIUM 037 FL (HMO),H1290-037-002,H1290037,CMS 2026 county + segment match,DEVOTED PREMIUM 037 FL (HMO),Devoted Health,HMO,Not Applicable,$4.80 ,"$3,900.00 ",5.0,No,Historical 2026 CMS reference only — not verified 2027 benefits
Broward,Core Plans,Doctors HealthCare,Doctors DrSelect-SFL (HMO),H4140-023,H4140023,Not in CY2026 landscape,,,,,,,,,Historical 2026 CMS reference only — not verified 2027 benefits
Broward,Core Plans,HealthSun,HealthSun HealthAdvantage Plan (HMO),H5431-012,H5431012,CMS 2026 county + segment match,HealthSun HealthAdvantage Plan (HMO),"HealthSun Health Plans, Inc.",HMO,Not Applicable,$0.00 ,"$2,500.00 ",4.5,No,Historical 2026 CMS reference only — not verified 2027 benefits
Broward,Core Plans,HealthSun,HealthSun MediMax (HMO),H5431-006,H5431006,CMS 2026 county + segment match,HealthSun MediMax (HMO),"HealthSun Health Plans, Inc.",HMO,Not Applicable,$0.00 ,"$3,450.00 ",4.5,No,Historical 2026 CMS reference only — not verified 2027 benefits
Broward,Core Plans,Optimum,Optimum Platinum Plan (HMO),H5594-002,H5594002,CMS 2026 county + segment match,Optimum Platinum Plan (HMO),"Optimum HealthCare, Inc.",HMO,Not Applicable,$0.00 ,"$1,000.00 ",4.5,No,Historical 2026 CMS reference only — not verified 2027 benefits
Broward,Core Plans,Simply,Simply More (HMO),H5471-077,H5471077,CMS 2026 county + segment match,Simply More (HMO),"Simply Healthcare Plans, Inc.",HMO,Not Applicable,$0.00 ,"$3,450.00 ",4.5,No,Historical 2026 CMS reference only — not verified 2027 benefits
Broward,Core Plans,Simply,Simply More Platinum (HMO),H5471-124,H5471124,CMS 2026 county + segment match,Simply More Platinum (HMO),"Simply Healthcare Plans, Inc.",HMO,Not Applicable,$0.00 ,"$3,850.00 ",4.5,No,Historical 2026 CMS reference only — not verified 2027 benefits
Broward,Core Plans,Wellcare,Wellcare Simple (HMO),H1032-196,H1032196,CMS 2026 county + segment match,Wellcare Simple (HMO),Wellcare,HMO,Not Applicable,$0.00 ,"$2,500.00 ",4.0,No,Historical 2026 CMS reference only — not verified 2027 benefits
Broward,Core Plans,Solis,Solis Healthy Living Plan (HMO),H0982-007,H0982007,CMS 2026 county + segment match,Solis Healthy Living Plan (HMO),Solis Health Plans,HMO,Not Applicable,$0.00 ,"$2,900.00 ",4.5,No,Historical 2026 CMS reference only — not verified 2027 benefits
Broward,C-SNP,Humana,Humana Gold Plus - Diabetes and Heart (HMO C-SNP),H1036-121,H1036121,CMS 2026 county + segment match,Humana Gold Plus - Diabetes and Heart (HMO C-SNP),Humana,HMO C-SNP,Chronic or Disabling Condition,$0.00 ,"$2,450.00 ",4.5,No,Historical 2026 CMS reference only — not verified 2027 benefits
Broward,C-SNP,Humana,Humana Gold Plus Lung (HMO C-SNP),H1036-297,H1036297,CMS 2026 county + segment match,Humana Gold Plus Lung (HMO C-SNP),Humana,HMO C-SNP,Chronic or Disabling Condition,$0.00 ,"$2,450.00 ",4.5,No,Historical 2026 CMS reference only — not verified 2027 benefits
Broward,C-SNP,Aetna,Aetna Medicare Chronic Care (HMO C-SNP),H1609-080,H1609080,CMS 2026 county + segment match,Aetna Medicare Chronic Care (HMO C-SNP),Aetna Medicare,HMO C-SNP,Chronic or Disabling Condition,$0.00 ,"$3,900.00 ",4.5,No,Historical 2026 CMS reference only — not verified 2027 benefits
Broward,C-SNP,CarePlus,CareBreeze (HMO C-SNP),H1019-154,H1019154,CMS 2026 county + segment match,CareBreeze (HMO C-SNP),"CarePlus Health Plans, Inc.",HMO C-SNP,Chronic or Disabling Condition,$0.00 ,"$2,000.00 ",4.5,No,Historical 2026 CMS reference only — not verified 2027 benefits
Broward,C-SNP,CarePlus,CareBreeze Platinum      (HMO-POS C-SNP),H1019-124,H1019124,CMS 2026 county + segment match,CareBreeze Platinum (HMO-POS C-SNP),"CarePlus Health Plans, Inc.",HMO-POS C-SNP,Chronic or Disabling Condition,$0.00 ,"$3,400.00 ",4.5,No,Historical 2026 CMS reference only — not verified 2027 benefits
Broward,C-SNP,CarePlus,CareComplete (HMO C-SNP),H1019-150,H1019150,CMS 2026 county + segment match,CareComplete (HMO C-SNP),"CarePlus Health Plans, Inc.",HMO C-SNP,Chronic or Disabling Condition,$0.00 ,"$2,000.00 ",4.5,No,Historical 2026 CMS reference only — not verified 2027 benefits
Broward,C-SNP,CarePlus,CareComplete Platinum (HMO-POS C-SNP),H1019-130,H1019130,CMS 2026 county + segment match,CareComplete Platinum (HMO-POS C-SNP),"CarePlus Health Plans, Inc.",HMO-POS C-SNP,Chronic or Disabling Condition,$0.00 ,"$3,400.00 ",4.5,No,Historical 2026 CMS reference only — not verified 2027 benefits
Broward,C-SNP,Devoted,Devoted C-SNP Plus 084 FL (HMO C-SNP),H1290-084,H1290084,CMS 2026 county + segment match,DEVOTED C-SNP PLUS 084 FL (HMO C-SNP),Devoted Health,HMO C-SNP,Chronic or Disabling Condition,$4.80 ,"$9,250.00 ",5.0,No,Historical 2026 CMS reference only — not verified 2027 benefits
Broward,C-SNP,Devoted,Devoted C-SNP Premium 073 Fl (HMO C-SNP),H1290-073,H1290073,CMS 2026 county + segment match,DEVOTED C-SNP PREMIUM 073 FL (HMO C-SNP),Devoted Health,HMO C-SNP,Chronic or Disabling Condition,$4.80 ,"$3,900.00 ",5.0,No,Historical 2026 CMS reference only — not verified 2027 benefits
Broward,C-SNP,Freedom,Freedom VIP Savinga COPD (HMO C-SNP),H5427-083,H5427083,CMS 2026 county + segment match,Freedom VIP Savings COPD (HMO C-SNP),"Freedom Health, Inc.",HMO C-SNP,Chronic or Disabling Condition,$0.00 ,"$3,400.00 ",4.5,No,Historical 2026 CMS reference only — not verified 2027 benefits
Broward,C-SNP,Freedom,Freedom VIP Savings     (HMO C-SNP),H5427-082,H5427082,CMS 2026 county + segment match,Freedom VIP Savings (HMO C-SNP),"Freedom Health, Inc.",HMO C-SNP,Chronic or Disabling Condition,$0.00 ,"$3,400.00 ",4.5,No,Historical 2026 CMS reference only — not verified 2027 benefits
Broward,C-SNP,HealthSun,HealthSun VitalCare      (HMO-C-SNP),H5431-021,H5431021,CMS 2026 county + segment match,HealthSun VitalCare (HMO C-SNP),"HealthSun Health Plans, Inc.",HMO C-SNP,Chronic or Disabling Condition,$0.00 ,"$1,900.00 ",4.5,No,Historical 2026 CMS reference only — not verified 2027 benefits
Broward,C-SNP,Simply,Simply Level (HMO-C-SNP),H5471-080,H5471080,CMS 2026 county + segment match,Simply Level (HMO C-SNP),"Simply Healthcare Plans, Inc.",HMO C-SNP,Chronic or Disabling Condition,$0.00 ,"$3,450.00 ",4.5,No,Historical 2026 CMS reference only — not verified 2027 benefits
Broward,C-SNP,Simply,Simply Level Platinum   (HMO-C-SNP),H5471-126,H5471126,CMS 2026 county + segment match,Simply Level Platinum (HMO C-SNP),"Simply Healthcare Plans, Inc.",HMO C-SNP,Chronic or Disabling Condition,$0.00 ,"$3,450.00 ",4.5,No,Historical 2026 CMS reference only — not verified 2027 benefits
Broward,C-SNP,GK / Solis,GK Gold Dialysis & Kidney Complete (HMO-POS C-SNP),H1526-004,H1526004,CMS 2026 county + segment match,Gold Dialysis & Kidney Complete (HMO-POS C-SNP),Gold Kidney Health Plan,HMO-POS C-SNP,Chronic or Disabling Condition,$4.80 ,"$9,250.00 ",Not Enough Data Available,No,Historical 2026 CMS reference only — not verified 2027 benefits
Broward,C-SNP,GK / Solis,GK Gold Heart & Diabetes (HMO-POS C-SNP),H1526-001,H1526001,CMS 2026 county + segment match,Gold Heart & Diabetes (HMO-POS C-SNP),Gold Kidney Health Plan,HMO-POS C-SNP,Chronic or Disabling Condition,$0.00 ,"$2,700.00 ",Not Enough Data Available,No,Historical 2026 CMS reference only — not verified 2027 benefits
Broward,C-SNP,GK / Solis,GK Gold Heart & Diabetes Complete (HMO-POS C-SNP),H1526-002,H1526002,CMS 2026 county + segment match,Gold Heart & Diabetes Complete (HMO-POS C-SNP),Gold Kidney Health Plan,HMO-POS C-SNP,Chronic or Disabling Condition,$0.00 ,"$9,250.00 ",Not Enough Data Available,No,Historical 2026 CMS reference only — not verified 2027 benefits
Broward,C-SNP,GK / Solis,Gold Dialysis & Kidney     (HMO-POS C-SNP),H1526-003,H1526003,CMS 2026 county + segment match,Gold Dialysis & Kidney (HMO-POS C-SNP),Gold Kidney Health Plan,HMO-POS C-SNP,Chronic or Disabling Condition,$0.00 ,"$3,100.00 ",Not Enough Data Available,No,Historical 2026 CMS reference only — not verified 2027 benefits
Broward,C-SNP,Solis,Solis Wellness Giveback Plan (HMO C-SNP),H0982-030,H0982030,CMS 2026 county + segment match,Solis Wellness Giveback Plan (HMO C-SNP),Solis Health Plans,HMO C-SNP,Chronic or Disabling Condition,$0.00 ,"$3,400.00 ",4.5,No,Historical 2026 CMS reference only — not verified 2027 benefits
Broward,C-SNP,Solis,Solis Wellness Plan (HMO C-SNP),H0982-017,H0982017,CMS 2026 county + segment match,Solis Wellness Plan (HMO C-SNP),Solis Health Plans,HMO C-SNP,Chronic or Disabling Condition,$0.00 ,"$2,900.00 ",4.5,No,Historical 2026 CMS reference only — not verified 2027 benefits
Broward,D-SNP,Preferred Care Partners,UHC Preferred Dual Complete FL-Y6 (HMO-POS D-SNP),H1045-063,H1045063,CMS 2026 county + segment match,UHC Preferred Dual Complete FL-Y2 (HMO-POS D-SNP),UnitedHealthcare,HMO-POS D-SNP,Dual-Eligible,$4.80 ,"$9,250.00 ",4.5,No,Historical 2026 CMS reference only — not verified 2027 benefits
Broward,D-SNP,UnitedHealthcare (Closed 1/1/2027; Noncommissionable),UHC Dual Complete FL-Q3 (Regional PPO D-SNP),R0759-003,R0759003,CMS 2026 county + segment match,UHC Dual Complete FL-D005 (Regional PPO D-SNP),UnitedHealthcare,Regional PPO D-SNP,Dual-Eligible,$4.80 ,"$9,250.00 ",3.5,No,Historical 2026 CMS reference only — not verified 2027 benefits
Broward,D-SNP,UnitedHealthcare (Closed 1/1/2027; Noncommissionable),UHC Dual Complete FL-Q1 (PPO D-SNP),H1889-002-002,H1889002,CMS 2026 county + segment match,UHC Dual Complete FL-D003 (PPO D-SNP),UnitedHealthcare,PPO D-SNP,Dual-Eligible,$4.80 ,"$9,250.00 ",4.0,No,Historical 2026 CMS reference only — not verified 2027 benefits
Broward,D-SNP,UnitedHealthcare (Closed 1/1/2027; Noncommissionable),UHC Dual Complete FL-Y7 (PPO D-SNP),H1889-026,H1889026,CMS 2026 county + segment match,UHC Dual Complete FL-Y4 (PPO D-SNP),UnitedHealthcare,PPO D-SNP,Dual-Eligible,$4.80 ,"$9,250.00 ",4.0,No,Historical 2026 CMS reference only — not verified 2027 benefits
Broward,D-SNP,Preferred Care Partners,UHC Preferred Dual Complete FL-QV4 (HMO D-SNP),H1045-012,H1045012,CMS 2026 county + segment match,UHC Preferred Dual Complete FL-D001 (HMO D-SNP),UnitedHealthcare,HMO D-SNP,Dual-Eligible,$4.80 ,"$9,250.00 ",4.5,No,Historical 2026 CMS reference only — not verified 2027 benefits
Broward,D-SNP,Preferred Care Partners,UHC Preferred Dual Complete FL-QV5 (HMO D-SNP),H1045-061,H1045061,CMS 2026 county + segment match,UHC Preferred Dual Complete FL-V1 (HMO D-SNP),UnitedHealthcare,HMO D-SNP,Dual-Eligible,$4.80 ,"$2,900.00 ",4.5,No,Historical 2026 CMS reference only — not verified 2027 benefits
Broward,D-SNP,Humana,Humana Dual Integrated (HMO D-SNP),H1036-339,H1036339,CMS 2026 county + segment match,Humana Dual Integrated (HMO D-SNP),Humana,HMO D-SNP,Dual-Eligible,$0.00 ,"$9,250.00 ",4.5,No,Historical 2026 CMS reference only — not verified 2027 benefits
Broward,D-SNP,Humana,Humana Fully Integrated (HMO D-SNP),H1036-280,H1036280,CMS 2026 county + segment match,Humana Fully Integrated H1036-280 (HMO D-SNP),Humana,HMO D-SNP,Dual-Eligible,$0.00 ,"$3,400.00 ",4.5,No,Historical 2026 CMS reference only — not verified 2027 benefits
Broward,D-SNP,Humana,Humana Gold Plus SNP-DE (HMO D-SNP),H1036-304,H1036304,CMS 2026 county + segment match,Humana Gold Plus SNP-DE H1036-304 (HMO D-SNP),Humana,HMO D-SNP,Dual-Eligible,$0.00 ,"$3,400.00 ",4.5,No,Historical 2026 CMS reference only — not verified 2027 benefits
Broward,D-SNP,Humana,Humana Gold Plus SNP-DE A (HMO D-SNP),H1036-077,H1036077,CMS 2026 county + segment match,Humana Gold Plus SNP-DE H1036-077A (HMO D-SNP),Humana,HMO D-SNP,Dual-Eligible,$0.00 ,"$3,400.00 ",4.5,No,Historical 2026 CMS reference only — not verified 2027 benefits
Broward,D-SNP,Aetna,Aetna Medicare Dual Select (HMO D-SNP),H1609-043,H1609043,CMS 2026 county + segment match,Aetna Medicare Dual Select (HMO D-SNP),Aetna Medicare,HMO D-SNP,Dual-Eligible,$0.00 ,"$9,250.00 ",4.5,No,Historical 2026 CMS reference only — not verified 2027 benefits
Broward,D-SNP,Aetna,Aetna Medicare Full Dual Select (HMO D-SNP),H1609-073,H1609073,CMS 2026 county + segment match,Aetna Medicare Full Dual Select (HMO D-SNP),Aetna Medicare,HMO D-SNP,Dual-Eligible,$1.30 ,"$9,250.00 ",4.5,No,Historical 2026 CMS reference only — not verified 2027 benefits
Broward,D-SNP,CarePlus,CareNeeds Extra               (HMO D-SNP),H1019-152,H1019152,CMS 2026 county + segment match,CareNeeds Extra (HMO D-SNP),"CarePlus Health Plans, Inc.",HMO D-SNP,Dual-Eligible,$0.00 ,"$9,250.00 ",4.5,No,Historical 2026 CMS reference only — not verified 2027 benefits
Broward,D-SNP,CarePlus,CareNeeds Platinum       (HMO D-SNP),H1019-023,H1019023,CMS 2026 county + segment match,CareNeeds Platinum (HMO D-SNP),"CarePlus Health Plans, Inc.",HMO D-SNP,Dual-Eligible,$0.00 ,"$3,400.00 ",4.5,No,Historical 2026 CMS reference only — not verified 2027 benefits
Broward,D-SNP,Cigna / HealthSpring,HealthSpring TotalCare (HMO-D-SNP),H5410-056,H5410056,CMS 2026 county + segment match,HealthSpring TotalCare (HMO D-SNP),HealthSpring,HMO D-SNP,Dual-Eligible,$4.80 ,"$3,500.00 ",3.5,No,Historical 2026 CMS reference only — not verified 2027 benefits
Broward,D-SNP,Devoted,Devoted DUAL 020 FL    (HMO-D-SNP),H1290-020,H1290020,CMS 2026 county + segment match,DEVOTED DUAL 020 FL (HMO D-SNP),Devoted Health,HMO D-SNP,Dual-Eligible,$4.80 ,"$3,900.00 ",5.0,No,Historical 2026 CMS reference only — not verified 2027 benefits
Broward,D-SNP,Devoted,Devoted DUAL FULL 077 FL (HMO D-SNP),H1290-077,H1290077,CMS 2026 county + segment match,DEVOTED DUAL FULL 077 FL (HMO D-SNP),Devoted Health,HMO D-SNP,Dual-Eligible,$0.00 ,"$9,250.00 ",5.0,No,Historical 2026 CMS reference only — not verified 2027 benefits
Broward,D-SNP,Devoted,Devoted DUAL PLUS 054 FL (HMO D-SNP),H1290-054,H1290054,CMS 2026 county + segment match,DEVOTED DUAL PLUS 054 FL (HMO D-SNP),Devoted Health,HMO D-SNP,Dual-Eligible,$4.80 ,"$9,250.00 ",5.0,No,Historical 2026 CMS reference only — not verified 2027 benefits
Broward,D-SNP,Doctors HealthCare,Doctors DrFullDual-SFL (HMO D-SNP),H4140-013,H4140013,CMS 2026 county + segment match,DrFlex (HMO D-SNP),"Doctors HealthCare Plans, Inc.",HMO D-SNP,Dual-Eligible,$1.10 ,"$3,400.00 ",4.5,No,Historical 2026 CMS reference only — not verified 2027 benefits
Broward,D-SNP,Freedom,Freedom Medi-Medi Full (HMO D-SNP),H5427-087,H5427087,CMS 2026 county + segment match,Freedom Medi-Medi Full (HMO D-SNP),"Freedom Health, Inc.",HMO D-SNP,Dual-Eligible,$0.00 ,$500.00 ,4.5,No,Historical 2026 CMS reference only — not verified 2027 benefits
Broward,D-SNP,Freedom,Freedom Medi-Medi Partial (HMO D-SNP),H5427-078,H5427078,CMS 2026 county + segment match,Freedom Medi-Medi Partial (HMO D-SNP),"Freedom Health, Inc.",HMO D-SNP,Dual-Eligible,$0.00 ,$500.00 ,4.5,No,Historical 2026 CMS reference only — not verified 2027 benefits
Broward,D-SNP,HealthSun,HealthSun MediSun Extra (HMO-D-SNP),H5431-019,H5431019,CMS 2026 county + segment match,HealthSun MediSun Extra (HMO D-SNP),"HealthSun Health Plans, Inc.",HMO D-SNP,Dual-Eligible,$0.00 ,"$3,450.00 ",4.5,No,Historical 2026 CMS reference only — not verified 2027 benefits
Broward,D-SNP,HealthSun,HealthSun MediSun Full Dual Extra (HMO-D-SNP),H5431-026,H5431026,CMS 2026 county + segment match,HealthSun MediSun Full Dual Extra (HMO D-SNP),"HealthSun Health Plans, Inc.",HMO D-SNP,Dual-Eligible,$0.00 ,"$3,450.00 ",4.5,No,Historical 2026 CMS reference only — not verified 2027 benefits
Broward,D-SNP,Optimum,Optimum Emerald Full (HMO D-SNP),H5594-017,H5594017,CMS 2026 county + segment match,Optimum Emerald Full (HMO D-SNP),"Optimum HealthCare, Inc.",HMO D-SNP,Dual-Eligible,$0.00 ,$500.00 ,4.5,No,Historical 2026 CMS reference only — not verified 2027 benefits
Broward,D-SNP,Optimum,Optimum Emerald Partial (HMO D-SNP),H5594-016,H5594016,CMS 2026 county + segment match,Optimum Emerald Partial (HMO D-SNP),"Optimum HealthCare, Inc.",HMO D-SNP,Dual-Eligible,$0.00 ,$500.00 ,4.5,No,Historical 2026 CMS reference only — not verified 2027 benefits
Broward,D-SNP,Simply,Simply Complete               (HMO-D-SNP),H5471-076,H5471076,CMS 2026 county + segment match,Simply Complete (HMO D-SNP),"Simply Healthcare Plans, Inc.",HMO D-SNP,Dual-Eligible,$4.80 ,$500.00 ,4.5,No,Historical 2026 CMS reference only — not verified 2027 benefits
Broward,D-SNP,Simply,Simply Complete Platinum (HMO-D-SNP),H5471-125,H5471125,CMS 2026 county + segment match,Simply Complete Platinum (HMO D-SNP),"Simply Healthcare Plans, Inc.",HMO D-SNP,Dual-Eligible,$4.80 ,$500.00 ,4.5,No,Historical 2026 CMS reference only — not verified 2027 benefits
Broward,D-SNP,Simply,Simply Integrated               (HMO-D-SNP),H5471-130,H5471130,CMS 2026 county + segment match,Simply Integrated (HMO D-SNP),"Simply Healthcare Plans, Inc.",HMO D-SNP,Dual-Eligible,$4.80 ,$500.00 ,4.5,No,Historical 2026 CMS reference only — not verified 2027 benefits
Broward,D-SNP,Simply,Simply Integrated Platinum (HMO D-SNP),H5471-137,H5471137,CMS 2026 county + segment match,Simply Integrated Platinum (HMO D-SNP),"Simply Healthcare Plans, Inc.",HMO D-SNP,Dual-Eligible,$4.80 ,$500.00 ,4.5,No,Historical 2026 CMS reference only — not verified 2027 benefits
Broward,D-SNP,Wellcare,Wellcare Dual Access Sync     (HMO D-SNP),H1032-244-001,H1032244,CMS 2026 county + segment match,Wellcare Dual Access Sync (HMO D-SNP),Wellcare,HMO D-SNP,Dual-Eligible,$4.80 ,"$9,250.00 ",4.0,No,Historical 2026 CMS reference only — not verified 2027 benefits
Broward,D-SNP,Wellcare,Wellcare Dual Reserve      (HMO D-SNP),H1032-202,H1032202,CMS 2026 county + segment match,Wellcare Dual Reserve (HMO D-SNP),Wellcare,HMO D-SNP,Dual-Eligible,$4.80 ,"$3,000.00 ",4.0,No,Historical 2026 CMS reference only — not verified 2027 benefits
Broward,D-SNP,Wellcare,Wellcare Sunshine Health Dual Align (HMO D-SNP),H1032-245-001,H1032245,CMS 2026 county + segment match,Wellcare Sunshine Health Dual Align (HMO D-SNP),Wellcare,HMO D-SNP,Dual-Eligible,$4.80 ,"$9,250.00 ",4.0,No,Historical 2026 CMS reference only — not verified 2027 benefits
Broward,D-SNP,Solis,Solis Guardian Plan (HMO D-SNP),H0982-012,H0982012,CMS 2026 county + segment match,Solis Guardian Plan (HMO D-SNP),Solis Health Plans,HMO D-SNP,Dual-Eligible,$4.80 ,"$3,400.00 ",4.5,No,Historical 2026 CMS reference only — not verified 2027 benefits
Palm Beach,Giveback,Humana,Humana Gold Plus Giveback  (HMO),H1036-305,H1036305,CMS 2026 county + segment match,Humana Gold Plus Giveback H1036-305 (HMO),Humana,HMO,Not Applicable,$0.00 ,"$3,850.00 ",4.5,No,Historical 2026 CMS reference only — not verified 2027 benefits
Palm Beach,Giveback,Humana,Humana USAA Honor Giveback (HMO),H1036-279,H1036279,CMS 2026 county + segment match,Humana USAA Honor Giveback (HMO),Humana,HMO,Not Applicable,Not Applicable,"$3,400.00 ",4.5,No,Historical 2026 CMS reference only — not verified 2027 benefits
Palm Beach,Giveback,CarePlus,CareFree Giveback (HMO),H1019-065,H1019065,CMS 2026 county + segment match,CareFree Giveback (HMO),"CarePlus Health Plans, Inc.",HMO,Not Applicable,$0.00 ,"$5,000.00 ",4.5,No,Historical 2026 CMS reference only — not verified 2027 benefits
Palm Beach,Giveback,CarePlus,CareFree Platinum Giveback (HMO-POS),H1019-135,H1019135,CMS 2026 county + segment match,CareFree Platinum Giveback (HMO-POS),"CarePlus Health Plans, Inc.",HMO-POS,Not Applicable,$0.00 ,"$3,400.00 ",4.5,No,Historical 2026 CMS reference only — not verified 2027 benefits
Palm Beach,Giveback,CarePlus,CareSalute (HMO),H1019-132,H1019132,CMS 2026 county + segment match,CareSalute (HMO),"CarePlus Health Plans, Inc.",HMO,Not Applicable,Not Applicable,"$3,900.00 ",4.5,No,Historical 2026 CMS reference only — not verified 2027 benefits
Palm Beach,Giveback,Devoted,Devoted GIVEBACK 015 FL (HMO),H1290-015,H1290015,CMS 2026 county + segment match,DEVOTED GIVEBACK 015 FL (HMO),Devoted Health,HMO,Not Applicable,$0.00 ,"$6,750.00 ",5.0,No,Historical 2026 CMS reference only — not verified 2027 benefits
Palm Beach,Giveback,Freedom,Freedom Savings (HMO),H5427-052,H5427052,CMS 2026 county + segment match,Freedom Savings Plan (HMO),"Freedom Health, Inc.",HMO,Not Applicable,Not Applicable,"$4,200.00 ",4.5,No,Historical 2026 CMS reference only — not verified 2027 benefits
Palm Beach,Giveback,HealthSun,Healthsun HealthAdvantage Plus (HMO),H5431-020,H5431020,CMS 2026 county + segment match,HealthSun HealthAdvantage Plus (HMO),"HealthSun Health Plans, Inc.",HMO,Not Applicable,$0.00 ,"$3,450.00 ",4.5,No,Historical 2026 CMS reference only — not verified 2027 benefits
Palm Beach,Giveback,Prominence,Prominence Giveback (HMO),H7239-004,H7239004,CMS 2026 county + segment match,Prominence Giveback (HMO),Prominence Health Plan,HMO,Not Applicable,$0.00 ,"$7,500.00 ",Plan Too New To Be Measured,No,Historical 2026 CMS reference only — not verified 2027 benefits
Palm Beach,Giveback,Simply,Simply Extra Platinum (HMO),H5471-123,H5471123,CMS 2026 county + segment match,Simply Extra Platinum (HMO),"Simply Healthcare Plans, Inc.",HMO,Not Applicable,$0.00 ,"$3,200.00 ",4.5,No,Historical 2026 CMS reference only — not verified 2027 benefits
Palm Beach,Giveback,Wellcare,Wellcare Giveback (HMO),H1032-195,H1032195,CMS 2026 county + segment match,Wellcare Giveback (HMO),Wellcare,HMO,Not Applicable,$0.00 ,"$5,000.00 ",4.0,No,Historical 2026 CMS reference only — not verified 2027 benefits
Palm Beach,Giveback,Wellcare,Wellcare Patriot Giveback (HMO),H1032-239,H1032239,CMS 2026 county + segment match,Wellcare Patriot Giveback (HMO),Wellcare,HMO,Not Applicable,Not Applicable,"$5,000.00 ",4.0,No,Historical 2026 CMS reference only — not verified 2027 benefits
Palm Beach,Core Plans,UnitedHealthcare,UHC Preferred Medicare Advantage FL-002P (HMO),H1045-037,H1045037,CMS 2026 county + segment match,UHC Preferred Medicare Advantage FL-002P (HMO),UnitedHealthcare,HMO,Not Applicable,$0.00 ,"$3,400.00 ",4.5,No,Historical 2026 CMS reference only — not verified 2027 benefits
Palm Beach,Core Plans,Humana,Humana Gold Plus C (HMO),H1036-062,H1036062,CMS 2026 county + segment match,Humana Gold Plus H1036-062C (HMO),Humana,HMO,Not Applicable,$0.00 ,"$1,625.00 ",4.5,No,Historical 2026 CMS reference only — not verified 2027 benefits
Palm Beach,Core Plans,Aetna,Aetna Medicare Select (HMO),H1609-020,H1609020,CMS 2026 county + segment match,Aetna Medicare Select (HMO),Aetna Medicare,HMO,Not Applicable,$0.00 ,"$3,400.00 ",4.5,No,Historical 2026 CMS reference only — not verified 2027 benefits
Palm Beach,Core Plans,Aetna,Aetna Medicare Select Extra (HMO),H1609-028,H1609028,CMS 2026 county + segment match,Aetna Medicare Select Extra (HMO-POS),Aetna Medicare,HMO-POS,Not Applicable,$0.00 ,"$6,750.00 ",4.5,No,Historical 2026 CMS reference only — not verified 2027 benefits
Palm Beach,Core Plans,CarePlus,CareAccess (HMO),H1019-148,H1019148,CMS 2026 county + segment match,CareAccess (HMO),"CarePlus Health Plans, Inc.",HMO,Not Applicable,$0.00 ,"$2,250.00 ",4.5,No,Historical 2026 CMS reference only — not verified 2027 benefits
Palm Beach,Core Plans,CarePlus,CareOne Plus (HMO-POS),H1019-001,H1019001,CMS 2026 county + segment match,CareOne Plus (HMO-POS),"CarePlus Health Plans, Inc.",HMO-POS,Not Applicable,$0.00 ,"$2,000.00 ",4.5,No,Historical 2026 CMS reference only — not verified 2027 benefits
Palm Beach,Core Plans,Cigna / HealthSpring,HealthSpring Preferred (HMO),H5410-060,H5410060,CMS 2026 county + segment match,HealthSpring Preferred (HMO),HealthSpring,HMO,Not Applicable,$0.00 ,"$6,750.00 ",3.5,No,Historical 2026 CMS reference only — not verified 2027 benefits
Palm Beach,Core Plans,Devoted,Devoted CORE 003 FL (HMO),H1290-003,H1290003,CMS 2026 county + segment match,DEVOTED CORE 003 FL (HMO),Devoted Health,HMO,Not Applicable,$0.00 ,"$3,900.00 ",5.0,No,Historical 2026 CMS reference only — not verified 2027 benefits
Palm Beach,Core Plans,Devoted,Devoted CORE 064 FL (HMO),H1290-064,H1290064,CMS 2026 county + segment match,DEVOTED CORE 064 FL (HMO),Devoted Health,HMO,Not Applicable,$0.00 ,"$3,900.00 ",5.0,No,Historical 2026 CMS reference only — not verified 2027 benefits
Palm Beach,Core Plans,Devoted,Devoted PREMIUM 037 FL (HMO),H1290-037-003,H1290037,CMS 2026 county + segment match,DEVOTED PREMIUM 037 FL (HMO),Devoted Health,HMO,Not Applicable,$4.80 ,"$3,900.00 ",5.0,No,Historical 2026 CMS reference only — not verified 2027 benefits
Palm Beach,Core Plans,Freedom,Freedom Medicare Plan Rx (HMO),H5427-060,H5427060,CMS 2026 county + segment match,Freedom Medicare Plan Rx (HMO),"Freedom Health, Inc.",HMO,Not Applicable,$0.00 ,"$4,200.00 ",4.5,No,Historical 2026 CMS reference only — not verified 2027 benefits
Palm Beach,Core Plans,HealthSun,HealthSun HealthAdvantage Plan (HMO),H5431-013,H5431013,CMS 2026 county + segment match,HealthSun HealthAdvantage Plan (HMO),"HealthSun Health Plans, Inc.",HMO,Not Applicable,$0.00 ,"$3,450.00 ",4.5,No,Historical 2026 CMS reference only — not verified 2027 benefits
Palm Beach,Core Plans,Prominence,Prominence Extra Help (HMO),H7239-003,H7239003,CMS 2026 county + segment match,Prominence Extra Help (HMO),Prominence Health Plan,HMO,Not Applicable,$4.80 ,"$2,000.00 ",Plan Too New To Be Measured,No,Historical 2026 CMS reference only — not verified 2027 benefits
Palm Beach,Core Plans,Prominence,Prominence Plus (HMO),H7239-001,H7239001,CMS 2026 county + segment match,Prominence Plus (HMO),Prominence Health Plan,HMO,Not Applicable,$0.00 ,"$2,000.00 ",Plan Too New To Be Measured,No,Historical 2026 CMS reference only — not verified 2027 benefits
Palm Beach,Core Plans,Simply,Simply More Platinum (HMO),H5471-124,H5471124,CMS 2026 county + segment match,Simply More Platinum (HMO),"Simply Healthcare Plans, Inc.",HMO,Not Applicable,$0.00 ,"$3,850.00 ",4.5,No,Historical 2026 CMS reference only — not verified 2027 benefits
Palm Beach,Core Plans,Wellcare,Wellcare Simple (HMO),H1032-196,H1032196,CMS 2026 county + segment match,Wellcare Simple (HMO),Wellcare,HMO,Not Applicable,$0.00 ,"$2,500.00 ",4.0,No,Historical 2026 CMS reference only — not verified 2027 benefits
Palm Beach,Core Plans,Solis,Solis Healthy Living Plan (HMO),H0982-008,H0982008,CMS 2026 county + segment match,Solis Healthy Living Plan (HMO),Solis Health Plans,HMO,Not Applicable,$0.00 ,"$2,900.00 ",4.5,No,Historical 2026 CMS reference only — not verified 2027 benefits
Palm Beach,C-SNP,Humana,Humana Gold Plus - Diabetes and Heart (HMO C-SNP),H1036-121,H1036121,CMS 2026 county + segment match,Humana Gold Plus - Diabetes and Heart (HMO C-SNP),Humana,HMO C-SNP,Chronic or Disabling Condition,$0.00 ,"$2,450.00 ",4.5,No,Historical 2026 CMS reference only — not verified 2027 benefits
Palm Beach,C-SNP,Humana,Humana Gold Plus Lung (HMO C-SNP),H1036-297,H1036297,CMS 2026 county + segment match,Humana Gold Plus Lung (HMO C-SNP),Humana,HMO C-SNP,Chronic or Disabling Condition,$0.00 ,"$2,450.00 ",4.5,No,Historical 2026 CMS reference only — not verified 2027 benefits
Palm Beach,C-SNP,Aetna,Aetna Medicare Chronic Care (HMO C-SNP),H1609-081,H1609081,CMS 2026 county + segment match,Aetna Medicare Chronic Care (HMO C-SNP),Aetna Medicare,HMO C-SNP,Chronic or Disabling Condition,$0.00 ,"$3,900.00 ",4.5,No,Historical 2026 CMS reference only — not verified 2027 benefits
Palm Beach,C-SNP,CarePlus,CareBreeze (HMO C-SNP),H1019-154,H1019154,CMS 2026 county + segment match,CareBreeze (HMO C-SNP),"CarePlus Health Plans, Inc.",HMO C-SNP,Chronic or Disabling Condition,$0.00 ,"$2,000.00 ",4.5,No,Historical 2026 CMS reference only — not verified 2027 benefits
Palm Beach,C-SNP,CarePlus,CareBreeze Platinum      (HMO-POS C-SNP),H1019-124,H1019124,CMS 2026 county + segment match,CareBreeze Platinum (HMO-POS C-SNP),"CarePlus Health Plans, Inc.",HMO-POS C-SNP,Chronic or Disabling Condition,$0.00 ,"$3,400.00 ",4.5,No,Historical 2026 CMS reference only — not verified 2027 benefits
Palm Beach,C-SNP,CarePlus,CareComplete (HMO C-SNP),H1019-150,H1019150,CMS 2026 county + segment match,CareComplete (HMO C-SNP),"CarePlus Health Plans, Inc.",HMO C-SNP,Chronic or Disabling Condition,$0.00 ,"$2,000.00 ",4.5,No,Historical 2026 CMS reference only — not verified 2027 benefits
Palm Beach,C-SNP,CarePlus,CareComplete Platinum (HMO-POS C-SNP),H1019-130,H1019130,CMS 2026 county + segment match,CareComplete Platinum (HMO-POS C-SNP),"CarePlus Health Plans, Inc.",HMO-POS C-SNP,Chronic or Disabling Condition,$0.00 ,"$3,400.00 ",4.5,No,Historical 2026 CMS reference only — not verified 2027 benefits
Palm Beach,C-SNP,Devoted,Devoted C-SNP Plus 086 FL (HMO C-SNP),H1290-086,H1290086,CMS 2026 county + segment match,DEVOTED C-SNP PLUS 086 FL (HMO C-SNP),Devoted Health,HMO C-SNP,Chronic or Disabling Condition,$4.80 ,"$9,250.00 ",5.0,No,Historical 2026 CMS reference only — not verified 2027 benefits
Palm Beach,C-SNP,Devoted,Devoted C-SNP Premium 068 Fl (HMO C-SNP),H1290-068,H1290068,CMS 2026 county + segment match,DEVOTED C-SNP PREMIUM 068 FL (HMO C-SNP),Devoted Health,HMO C-SNP,Chronic or Disabling Condition,$4.80 ,"$3,900.00 ",5.0,No,Historical 2026 CMS reference only — not verified 2027 benefits
Palm Beach,C-SNP,Freedom,Freedom VIP Care           (HMO C-SNP),H5427-070,H5427070,CMS 2026 county + segment match,Freedom VIP Care (HMO C-SNP),"Freedom Health, Inc.",HMO C-SNP,Chronic or Disabling Condition,$0.00 ,"$1,000.00 ",4.5,No,Historical 2026 CMS reference only — not verified 2027 benefits
Palm Beach,C-SNP,Freedom,Freedom VIP Savinga COPD (HMO C-SNP),H5427-077,H5427077,CMS 2026 county + segment match,Freedom VIP Savings COPD (HMO C-SNP),"Freedom Health, Inc.",HMO C-SNP,Chronic or Disabling Condition,$0.00 ,"$3,400.00 ",4.5,No,Historical 2026 CMS reference only — not verified 2027 benefits
Palm Beach,C-SNP,Freedom,Freedom VIP Savings     (HMO C-SNP),H5427-072,H5427072,CMS 2026 county + segment match,Freedom VIP Savings (HMO C-SNP),"Freedom Health, Inc.",HMO C-SNP,Chronic or Disabling Condition,$0.00 ,"$3,400.00 ",4.5,No,Historical 2026 CMS reference only — not verified 2027 benefits
Palm Beach,C-SNP,HealthSun,HealthSun VitalCare       (HMO-C-SNP),H5431-022,H5431022,CMS 2026 county + segment match,HealthSun VitalCare (HMO C-SNP),"HealthSun Health Plans, Inc.",HMO C-SNP,Chronic or Disabling Condition,$0.00 ,"$2,450.00 ",4.5,No,Historical 2026 CMS reference only — not verified 2027 benefits
Palm Beach,C-SNP,Prominence,Prominence Diabetes and Heart Giveback (HMO C-SNP),H7239-005,H7239005,CMS 2026 county + segment match,Prominence Diabetes and Heart Giveback (HMO C-SNP),Prominence Health Plan,HMO C-SNP,Chronic or Disabling Condition,$0.00 ,"$2,000.00 ",Plan Too New To Be Measured,No,Historical 2026 CMS reference only — not verified 2027 benefits
Palm Beach,C-SNP,Simply,Simply Level Platinum   (HMO-C-SNP),H5471-126,H5471126,CMS 2026 county + segment match,Simply Level Platinum (HMO C-SNP),"Simply Healthcare Plans, Inc.",HMO C-SNP,Chronic or Disabling Condition,$0.00 ,"$3,450.00 ",4.5,No,Historical 2026 CMS reference only — not verified 2027 benefits
Palm Beach,C-SNP,GK / Solis,GK Gold Dialysis & Kidney Complete (HMO-POS C-SNP),H1526-004,H1526004,CMS 2026 county + segment match,Gold Dialysis & Kidney Complete (HMO-POS C-SNP),Gold Kidney Health Plan,HMO-POS C-SNP,Chronic or Disabling Condition,$4.80 ,"$9,250.00 ",Not Enough Data Available,No,Historical 2026 CMS reference only — not verified 2027 benefits
Palm Beach,C-SNP,GK / Solis,GK Gold Heart & Diabetes (HMO-POS C-SNP),H1526-001,H1526001,CMS 2026 county + segment match,Gold Heart & Diabetes (HMO-POS C-SNP),Gold Kidney Health Plan,HMO-POS C-SNP,Chronic or Disabling Condition,$0.00 ,"$2,700.00 ",Not Enough Data Available,No,Historical 2026 CMS reference only — not verified 2027 benefits
Palm Beach,C-SNP,GK / Solis,GK Gold Heart & Diabetes Complete (HMO-POS C-SNP),H1526-002,H1526002,CMS 2026 county + segment match,Gold Heart & Diabetes Complete (HMO-POS C-SNP),Gold Kidney Health Plan,HMO-POS C-SNP,Chronic or Disabling Condition,$0.00 ,"$9,250.00 ",Not Enough Data Available,No,Historical 2026 CMS reference only — not verified 2027 benefits
Palm Beach,C-SNP,GK / Solis,Gold Dialysis & Kidney     (HMO-POS C-SNP),H1526-003,H1526003,CMS 2026 county + segment match,Gold Dialysis & Kidney (HMO-POS C-SNP),Gold Kidney Health Plan,HMO-POS C-SNP,Chronic or Disabling Condition,$0.00 ,"$3,100.00 ",Not Enough Data Available,No,Historical 2026 CMS reference only — not verified 2027 benefits
Palm Beach,C-SNP,Solis,Solis Wellness Giveback Plan (HMO C-SNP),H0982-030,H0982030,CMS 2026 county + segment match,Solis Wellness Giveback Plan (HMO C-SNP),Solis Health Plans,HMO C-SNP,Chronic or Disabling Condition,$0.00 ,"$3,400.00 ",4.5,No,Historical 2026 CMS reference only — not verified 2027 benefits
Palm Beach,C-SNP,Solis,Solis Wellness Plan (HMO C-SNP),H0982-018,H0982018,CMS 2026 county + segment match,Solis Wellness Plan (HMO C-SNP),Solis Health Plans,HMO C-SNP,Chronic or Disabling Condition,$0.00 ,"$2,900.00 ",4.5,No,Historical 2026 CMS reference only — not verified 2027 benefits
Palm Beach,D-SNP,UnitedHealthcare,PCP Preferred Dual Complete FL-V2 (HMO D-SNP),H1045-064,H1045064,CMS 2026 county + segment match,UHC Preferred Dual Complete FL-V2 (HMO D-SNP),UnitedHealthcare,HMO D-SNP,Dual-Eligible,$4.80 ,"$3,400.00 ",4.5,No,Historical 2026 CMS reference only — not verified 2027 benefits
Palm Beach,D-SNP,UnitedHealthcare,PCP Preferred Dual Complete FL-Y3 (HMO-POS D-SNP),H1045-065,H1045065,CMS 2026 county + segment match,UHC Preferred Dual Complete FL-Y3 (HMO-POS D-SNP),UnitedHealthcare,HMO-POS D-SNP,Dual-Eligible,$4.80 ,"$9,250.00 ",4.5,No,Historical 2026 CMS reference only — not verified 2027 benefits
Palm Beach,D-SNP,UnitedHealthcare,UHC Preferred Dual Complete FL-D01P (HMO D-SNP),H1045-038,H1045038,CMS 2026 county + segment match,UHC Preferred Dual Complete FL-D01P (HMO D-SNP),UnitedHealthcare,HMO D-SNP,Dual-Eligible,$4.80 ,"$9,250.00 ",4.5,No,Historical 2026 CMS reference only — not verified 2027 benefits
Palm Beach,D-SNP,Humana,Humana Dual Integrated (HMO D-SNP),H1036-339,H1036339,CMS 2026 county + segment match,Humana Dual Integrated (HMO D-SNP),Humana,HMO D-SNP,Dual-Eligible,$0.00 ,"$9,250.00 ",4.5,No,Historical 2026 CMS reference only — not verified 2027 benefits
Palm Beach,D-SNP,Humana,Humana Fully Integrated (HMO D-SNP),H1036-280,H1036280,CMS 2026 county + segment match,Humana Fully Integrated H1036-280 (HMO D-SNP),Humana,HMO D-SNP,Dual-Eligible,$0.00 ,"$3,400.00 ",4.5,No,Historical 2026 CMS reference only — not verified 2027 benefits
Palm Beach,D-SNP,Humana,Humana Gold Plus SNP-DE (HMO D-SNP),H1036-304,H1036304,CMS 2026 county + segment match,Humana Gold Plus SNP-DE H1036-304 (HMO D-SNP),Humana,HMO D-SNP,Dual-Eligible,$0.00 ,"$3,400.00 ",4.5,No,Historical 2026 CMS reference only — not verified 2027 benefits
Palm Beach,D-SNP,Humana,Humana Gold Plus SNP-DE A (HMO D-SNP),H1036-077,H1036077,CMS 2026 county + segment match,Humana Gold Plus SNP-DE H1036-077A (HMO D-SNP),Humana,HMO D-SNP,Dual-Eligible,$0.00 ,"$3,400.00 ",4.5,No,Historical 2026 CMS reference only — not verified 2027 benefits
Palm Beach,D-SNP,Aetna,Aetna Medicare Dual Select (HMO D-SNP),H1609-019,H1609019,CMS 2026 county + segment match,Aetna Medicare Dual Select (HMO D-SNP),Aetna Medicare,HMO D-SNP,Dual-Eligible,$0.00 ,"$9,250.00 ",4.5,No,Historical 2026 CMS reference only — not verified 2027 benefits
Palm Beach,D-SNP,Aetna,Aetna Medicare Dual Select (HMO D-SNP),H1609-048,H1609048,CMS 2026 county + segment match,Aetna Medicare Dual Select (HMO D-SNP),Aetna Medicare,HMO D-SNP,Dual-Eligible,$4.80 ,"$9,250.00 ",4.5,No,Historical 2026 CMS reference only — not verified 2027 benefits
Palm Beach,D-SNP,Aetna,Aetna Medicare Full Dual Select (HMO D-SNP),H1609-090,H1609090,CMS 2026 county + segment match,Aetna Medicare Full Dual Select (HMO D-SNP),Aetna Medicare,HMO D-SNP,Dual-Eligible,$4.80 ,"$9,250.00 ",4.5,No,Historical 2026 CMS reference only — not verified 2027 benefits
Palm Beach,D-SNP,CarePlus,CareNeeds Extra               (HMO D-SNP),H1019-152,H1019152,CMS 2026 county + segment match,CareNeeds Extra (HMO D-SNP),"CarePlus Health Plans, Inc.",HMO D-SNP,Dual-Eligible,$0.00 ,"$9,250.00 ",4.5,No,Historical 2026 CMS reference only — not verified 2027 benefits
Palm Beach,D-SNP,CarePlus,CareNeeds Platinum       (HMO D-SNP),H1019-023,H1019023,CMS 2026 county + segment match,CareNeeds Platinum (HMO D-SNP),"CarePlus Health Plans, Inc.",HMO D-SNP,Dual-Eligible,$0.00 ,"$3,400.00 ",4.5,No,Historical 2026 CMS reference only — not verified 2027 benefits
Palm Beach,D-SNP,Cigna / HealthSpring,HealthSpring TotalCare (HMO-D-SNP),H5410-056,H5410056,CMS 2026 county + segment match,HealthSpring TotalCare (HMO D-SNP),HealthSpring,HMO D-SNP,Dual-Eligible,$4.80 ,"$3,500.00 ",3.5,No,Historical 2026 CMS reference only — not verified 2027 benefits
Palm Beach,D-SNP,Devoted,Devoted DUAL 021 FL    (HMO-D-SNP),H1290-021,H1290021,CMS 2026 county + segment match,DEVOTED DUAL 021 FL (HMO D-SNP),Devoted Health,HMO D-SNP,Dual-Eligible,$4.80 ,"$3,900.00 ",5.0,No,Historical 2026 CMS reference only — not verified 2027 benefits
Palm Beach,D-SNP,Devoted,Devoted DUAL FULL 079 FL (HMO D-SNP),H1290-079,H1290079,CMS 2026 county + segment match,DEVOTED DUAL FULL 079 FL (HMO D-SNP),Devoted Health,HMO D-SNP,Dual-Eligible,$0.00 ,"$9,250.00 ",5.0,No,Historical 2026 CMS reference only — not verified 2027 benefits
Palm Beach,D-SNP,Devoted,Devoted DUAL PLUS 055 FL (HMO D-SNP),H1290-055,H1290055,CMS 2026 county + segment match,DEVOTED DUAL PLUS 055 FL (HMO D-SNP),Devoted Health,HMO D-SNP,Dual-Eligible,$4.80 ,"$9,250.00 ",5.0,No,Historical 2026 CMS reference only — not verified 2027 benefits
Palm Beach,D-SNP,Freedom,Freedom Medi-Medi Full (HMO D-SNP),H5427-087,H5427087,CMS 2026 county + segment match,Freedom Medi-Medi Full (HMO D-SNP),"Freedom Health, Inc.",HMO D-SNP,Dual-Eligible,$0.00 ,$500.00 ,4.5,No,Historical 2026 CMS reference only — not verified 2027 benefits
Palm Beach,D-SNP,Freedom,Freedom Medi-Medi Partial (HMO D-SNP),H5427-078,H5427078,CMS 2026 county + segment match,Freedom Medi-Medi Partial (HMO D-SNP),"Freedom Health, Inc.",HMO D-SNP,Dual-Eligible,$0.00 ,$500.00 ,4.5,No,Historical 2026 CMS reference only — not verified 2027 benefits
Palm Beach,D-SNP,HealthSun,HealthSun MediSun Full Dual Plus (HMO-D-SNP),H5431-025,H5431025,CMS 2026 county + segment match,HealthSun MediSun Full Dual Plus (HMO D-SNP),"HealthSun Health Plans, Inc.",HMO D-SNP,Dual-Eligible,$0.00 ,"$3,450.00 ",4.5,No,Historical 2026 CMS reference only — not verified 2027 benefits
Palm Beach,D-SNP,HealthSun,HealthSun MediSun Plus (HMO-D-SNP),H5431-016,H5431016,CMS 2026 county + segment match,HealthSun MediSun Plus (HMO D-SNP),"HealthSun Health Plans, Inc.",HMO D-SNP,Dual-Eligible,$0.00 ,"$3,450.00 ",4.5,No,Historical 2026 CMS reference only — not verified 2027 benefits
Palm Beach,D-SNP,Optimum,Optimum Emerald Full (HMO D-SNP),H5594-017,H5594017,CMS 2026 county + segment match,Optimum Emerald Full (HMO D-SNP),"Optimum HealthCare, Inc.",HMO D-SNP,Dual-Eligible,$0.00 ,$500.00 ,4.5,No,Historical 2026 CMS reference only — not verified 2027 benefits
Palm Beach,D-SNP,Optimum,Optimum Emerald Partial (HMO D-SNP),H5594-016,H5594016,CMS 2026 county + segment match,Optimum Emerald Partial (HMO D-SNP),"Optimum HealthCare, Inc.",HMO D-SNP,Dual-Eligible,$0.00 ,$500.00 ,4.5,No,Historical 2026 CMS reference only — not verified 2027 benefits
Palm Beach,D-SNP,Prominence,Prominence Dual (HMO-DSNP),H7239-002,H7239002,CMS 2026 county + segment match,Prominence Dual (HMO D-SNP),Prominence Health Plan,HMO D-SNP,Dual-Eligible,$4.80 ,"$9,250.00 ",Plan Too New To Be Measured,No,Historical 2026 CMS reference only — not verified 2027 benefits
Palm Beach,D-SNP,Simply,Simply Complete                 (HMO-D-SNP),H5471-084,H5471084,CMS 2026 county + segment match,Simply Complete (HMO D-SNP),"Simply Healthcare Plans, Inc.",HMO D-SNP,Dual-Eligible,$4.80 ,$500.00 ,4.5,No,Historical 2026 CMS reference only — not verified 2027 benefits
Palm Beach,D-SNP,Simply,Simply Complete Platinum (HMO-D-SNP),H5471-125,H5471125,CMS 2026 county + segment match,Simply Complete Platinum (HMO D-SNP),"Simply Healthcare Plans, Inc.",HMO D-SNP,Dual-Eligible,$4.80 ,$500.00 ,4.5,No,Historical 2026 CMS reference only — not verified 2027 benefits
Palm Beach,D-SNP,Simply,Simply Integrated                 (HMO-D-SNP),H5471-132,H5471132,CMS 2026 county + segment match,Simply Integrated (HMO D-SNP),"Simply Healthcare Plans, Inc.",HMO D-SNP,Dual-Eligible,$4.80 ,$500.00 ,4.5,No,Historical 2026 CMS reference only — not verified 2027 benefits
Palm Beach,D-SNP,Simply,Simply Integrated Platinum (HMO D-SNP),H5471-137,H5471137,CMS 2026 county + segment match,Simply Integrated Platinum (HMO D-SNP),"Simply Healthcare Plans, Inc.",HMO D-SNP,Dual-Eligible,$4.80 ,$500.00 ,4.5,No,Historical 2026 CMS reference only — not verified 2027 benefits
Palm Beach,D-SNP,Wellcare,Wellcare Dual Access Sync     (HMO D-SNP),H1032-244-001,H1032244,CMS 2026 county + segment match,Wellcare Dual Access Sync (HMO D-SNP),Wellcare,HMO D-SNP,Dual-Eligible,$4.80 ,"$9,250.00 ",4.0,No,Historical 2026 CMS reference only — not verified 2027 benefits
Palm Beach,D-SNP,Wellcare,Wellcare Dual Reserve      (HMO D-SNP),H1032-202,H1032202,CMS 2026 county + segment match,Wellcare Dual Reserve (HMO D-SNP),Wellcare,HMO D-SNP,Dual-Eligible,$4.80 ,"$3,000.00 ",4.0,No,Historical 2026 CMS reference only — not verified 2027 benefits
Palm Beach,D-SNP,Wellcare,Wellcare Sunshine Health Dual Align (HMO D-SNP),H1032-245-001,H1032245,CMS 2026 county + segment match,Wellcare Sunshine Health Dual Align (HMO D-SNP),Wellcare,HMO D-SNP,Dual-Eligible,$4.80 ,"$9,250.00 ",4.0,No,Historical 2026 CMS reference only — not verified 2027 benefits
Palm Beach,D-SNP,Solis,Solis Guardian Plan (HMO D-SNP),H0982-013,H0982013,CMS 2026 county + segment match,Solis Guardian Plan (HMO D-SNP),Solis Health Plans,HMO D-SNP,Dual-Eligible,$4.80 ,"$3,400.00 ",4.5,No,Historical 2026 CMS reference only — not verified 2027 benefits
Orange,Giveback,Humana,Humana Gold Plus Giveback  (HMO),H1036-269,H1036269,CMS 2026 county + segment match,Humana Gold Plus Giveback H1036-269 (HMO),Humana,HMO,Not Applicable,$0.00 ,"$3,200.00 ",4.5,No,Historical 2026 CMS reference only — not verified 2027 benefits
Orange,Giveback,Humana,Humana USAA Honor Giveback (HMO),H1036-290,H1036290,CMS 2026 county + segment match,Humana USAA Honor Giveback (HMO),Humana,HMO,Not Applicable,Not Applicable,"$6,700.00 ",4.5,No,Historical 2026 CMS reference only — not verified 2027 benefits
Orange,Giveback,CarePlus,CareFree Platinum     Giveback (HMO),H1019-138,H1019138,CMS 2026 county + segment match,CareFree Platinum Giveback (HMO),"CarePlus Health Plans, Inc.",HMO,Not Applicable,$0.00 ,"$3,300.00 ",4.5,No,Historical 2026 CMS reference only — not verified 2027 benefits
Orange,Giveback,CarePlus,CareSalute (HMO),H1019-132,H1019132,CMS 2026 county + segment match,CareSalute (HMO),"CarePlus Health Plans, Inc.",HMO,Not Applicable,Not Applicable,"$3,900.00 ",4.5,No,Historical 2026 CMS reference only — not verified 2027 benefits
Orange,Giveback,Devoted,Devoted GIVEBACK 018 FL (HMO),H1290-018,H1290018,CMS 2026 county + segment match,DEVOTED GIVEBACK 018 FL (HMO),Devoted Health,HMO,Not Applicable,$0.00 ,"$6,750.00 ",5.0,No,Historical 2026 CMS reference only — not verified 2027 benefits
Orange,Giveback,Simply,Simply Extra Platinum (HMO),H5471-120,H5471120,CMS 2026 county + segment match,Simply Extra Platinum (HMO),"Simply Healthcare Plans, Inc.",HMO,Not Applicable,$0.00 ,"$3,200.00 ",4.5,No,Historical 2026 CMS reference only — not verified 2027 benefits
Orange,Giveback,Wellcare,Wellcare Patriot Giveback (HMO),H1032-239,H1032239,CMS 2026 county + segment match,Wellcare Patriot Giveback (HMO),Wellcare,HMO,Not Applicable,Not Applicable,"$5,000.00 ",4.0,No,Historical 2026 CMS reference only — not verified 2027 benefits
Orange,Giveback,Ultimate Health Plans,Premier by Ultimate (HMO),H2962-046,H2962046,CMS 2026 county + segment match,Premier by Ultimate (HMO),Ultimate Health Plans,HMO,Not Applicable,$0.00 ,"$2,900.00 ",4.0,No,Historical 2026 CMS reference only — not verified 2027 benefits
Orange,Core Plans,Humana,Humana Gold Plus (HMO),H1036-146,H1036146,CMS 2026 county + segment match,Humana Gold Plus H1036-146 (HMO),Humana,HMO,Not Applicable,$0.00 ,"$2,400.00 ",4.5,No,Historical 2026 CMS reference only — not verified 2027 benefits
Orange,Core Plans,Aetna,Aetna Medicare Select (HMO),H1609-086,H1609086,CMS 2026 county + segment match,Aetna Medicare Select (HMO),Aetna Medicare,HMO,Not Applicable,$0.00 ,"$4,150.00 ",4.5,No,Historical 2026 CMS reference only — not verified 2027 benefits
Orange,Core Plans,Aetna,Aetna Medicare Select Extra (HMO),H1609-028,H1609028,CMS 2026 county + segment match,Aetna Medicare Select Extra (HMO-POS),Aetna Medicare,HMO-POS,Not Applicable,$0.00 ,"$6,750.00 ",4.5,No,Historical 2026 CMS reference only — not verified 2027 benefits
Orange,Core Plans,Devoted,Devoted CORE 005 FL (HMO),H1290-005,H1290005,CMS 2026 county + segment match,DEVOTED CORE 005 FL (HMO),Devoted Health,HMO,Not Applicable,$0.00 ,"$3,900.00 ",5.0,No,Historical 2026 CMS reference only — not verified 2027 benefits
Orange,Core Plans,Devoted,Devoted CORE 063 FL (HMO),H1290-063,H1290063,CMS 2026 county + segment match,DEVOTED CORE 063 FL (HMO),Devoted Health,HMO,Not Applicable,$0.00 ,"$3,900.00 ",5.0,No,Historical 2026 CMS reference only — not verified 2027 benefits
Orange,Core Plans,Devoted,Devoted PREMIUM 037 FL (HMO),H1290-037-004,H1290037,CMS 2026 county + segment match,DEVOTED PREMIUM 037 FL (HMO),Devoted Health,HMO,Not Applicable,$4.80 ,"$3,900.00 ",5.0,No,Historical 2026 CMS reference only — not verified 2027 benefits
Orange,Core Plans,Doctors HealthCare,Doctors DrSelect-CFL (HMO),H4140-025,H4140025,Not in CY2026 landscape,,,,,,,,,Historical 2026 CMS reference only — not verified 2027 benefits
Orange,Core Plans,Optimum,Optimum Gold Rewards Plan (HMO),H5594-022,H5594022,CMS 2026 county + segment match,Optimum Gold Rewards Plan (HMO),"Optimum HealthCare, Inc.",HMO,Not Applicable,$0.00 ,"$4,200.00 ",4.5,No,Historical 2026 CMS reference only — not verified 2027 benefits
Orange,Core Plans,Simply,Simply More (HMO),H5471-074,H5471074,CMS 2026 county + segment match,Simply More (HMO),"Simply Healthcare Plans, Inc.",HMO,Not Applicable,$0.00 ,"$3,450.00 ",4.5,No,Historical 2026 CMS reference only — not verified 2027 benefits
Orange,Core Plans,Solis,Solis Healthy Living Plan (HMO),H0982-024,H0982024,CMS 2026 county + segment match,Solis Healthy Living Plan (HMO),Solis Health Plans,HMO,Not Applicable,$0.00 ,"$2,900.00 ",4.5,No,Historical 2026 CMS reference only — not verified 2027 benefits
Orange,Core Plans,Unknown,CareAccess (HMO),H1019-144,H1019144,CMS 2026 county + segment match,CareAccess (HMO),"CarePlus Health Plans, Inc.",HMO,Not Applicable,$0.00 ,"$3,750.00 ",4.5,No,Historical 2026 CMS reference only — not verified 2027 benefits
Orange,Core Plans,Unknown,CareOne Plus (HMO-POS),H1019-057,H1019057,CMS 2026 county + segment match,CareOne Plus (HMO-POS),"CarePlus Health Plans, Inc.",HMO-POS,Not Applicable,$0.00 ,"$2,500.00 ",4.5,No,Historical 2026 CMS reference only — not verified 2027 benefits
Orange,C-SNP,UnitedHealthcare,UHC Complete Care FL-14 (HMO-POS-C-SNP),H1045-048-001,H1045048,CMS 2026 county + segment match,UHC Complete Care FL-14 (HMO-POS C-SNP),UnitedHealthcare,HMO-POS C-SNP,Chronic or Disabling Condition,$0.00 ,"$3,400.00 ",4.5,No,Historical 2026 CMS reference only — not verified 2027 benefits
Orange,C-SNP,Humana,Humana Gold Plus - Diabetes and Heart (HMO C-SNP),H1036-300,H1036300,CMS 2026 county + segment match,Humana Gold Plus - Diabetes and Heart (HMO C-SNP),Humana,HMO C-SNP,Chronic or Disabling Condition,$0.00 ,"$3,100.00 ",4.5,No,Historical 2026 CMS reference only — not verified 2027 benefits
Orange,C-SNP,Humana,Humana Gold Plus Lung (HMO C-SNP),H1036-313,H1036313,CMS 2026 county + segment match,Humana Gold Plus Lung (HMO C-SNP),Humana,HMO C-SNP,Chronic or Disabling Condition,$0.00 ,"$3,100.00 ",4.5,No,Historical 2026 CMS reference only — not verified 2027 benefits
Orange,C-SNP,Aetna,Aetna Medicare Chronic Care (HMO C-SNP),H1609-085,H1609085,CMS 2026 county + segment match,Aetna Medicare Chronic Care (HMO C-SNP),Aetna Medicare,HMO C-SNP,Chronic or Disabling Condition,$0.00 ,"$5,500.00 ",4.5,No,Historical 2026 CMS reference only — not verified 2027 benefits
Orange,C-SNP,CarePlus,CareBreeze (HMO C-SNP),H1019-154,H1019154,CMS 2026 county + segment match,CareBreeze (HMO C-SNP),"CarePlus Health Plans, Inc.",HMO C-SNP,Chronic or Disabling Condition,$0.00 ,"$2,000.00 ",4.5,No,Historical 2026 CMS reference only — not verified 2027 benefits
Orange,C-SNP,CarePlus,CareBreeze Platinum        (HMO C-SNP),H1019-151-001,H1019151,CMS 2026 county + segment match,CareBreeze Platinum (HMO C-SNP),"CarePlus Health Plans, Inc.",HMO C-SNP,Chronic or Disabling Condition,$0.00 ,"$2,000.00 ",4.5,No,Historical 2026 CMS reference only — not verified 2027 benefits
Orange,C-SNP,CarePlus,CareComplete (HMO C-SNP),H1019-150,H1019150,CMS 2026 county + segment match,CareComplete (HMO C-SNP),"CarePlus Health Plans, Inc.",HMO C-SNP,Chronic or Disabling Condition,$0.00 ,"$2,000.00 ",4.5,No,Historical 2026 CMS reference only — not verified 2027 benefits
Orange,C-SNP,CarePlus,CareComplete Platinum (HMO C-SNP),H1019-147-001,H1019147,CMS 2026 county + segment match,CareComplete Platinum (HMO C-SNP),"CarePlus Health Plans, Inc.",HMO C-SNP,Chronic or Disabling Condition,$0.00 ,"$2,400.00 ",4.5,No,Historical 2026 CMS reference only — not verified 2027 benefits
Orange,C-SNP,Devoted,Devoted C-SNP Plus 087 FL (HMO C-SNP),H1290-087,H1290087,CMS 2026 county + segment match,DEVOTED C-SNP PLUS 087 FL (HMO C-SNP),Devoted Health,HMO C-SNP,Chronic or Disabling Condition,$4.80 ,"$9,250.00 ",5.0,No,Historical 2026 CMS reference only — not verified 2027 benefits
Orange,C-SNP,Devoted,Devoted C-SNP Premium 074 FL (HMO C-SNP),H1290-074,H1290074,CMS 2026 county + segment match,DEVOTED C-SNP PREMIUM 074 FL (HMO C-SNP),Devoted Health,HMO C-SNP,Chronic or Disabling Condition,$4.80 ,"$3,900.00 ",5.0,No,Historical 2026 CMS reference only — not verified 2027 benefits
Orange,C-SNP,Doctors HealthCare,Doctors DrExtraCare-CFL (HMO C-SNP),H4140-026,H4140026,Not in CY2026 landscape,,,,,,,,,Historical 2026 CMS reference only — not verified 2027 benefits
Orange,C-SNP,Simply,Simply Level (HMO C-SNP),H5471-073,H5471073,CMS 2026 county + segment match,Simply Level (HMO C-SNP),"Simply Healthcare Plans, Inc.",HMO C-SNP,Chronic or Disabling Condition,$0.00 ,"$3,450.00 ",4.5,No,Historical 2026 CMS reference only — not verified 2027 benefits
Orange,C-SNP,Simply,Simply Level Platinum       (HMO C-SNP),H5471-122,H5471122,CMS 2026 county + segment match,Simply Level Platinum (HMO C-SNP),"Simply Healthcare Plans, Inc.",HMO C-SNP,Chronic or Disabling Condition,$0.00 ,"$3,200.00 ",4.5,No,Historical 2026 CMS reference only — not verified 2027 benefits
Orange,C-SNP,Solis,Solis Wellness Giveback Plan (HMO C-SNP),H0982-033,H0982033,CMS 2026 county + segment match,Solis Wellness Giveback Plan (HMO C-SNP),Solis Health Plans,HMO C-SNP,Chronic or Disabling Condition,$0.00 ,"$3,400.00 ",4.5,No,Historical 2026 CMS reference only — not verified 2027 benefits
Orange,C-SNP,Solis,Solis Wellness Plan (HMO C-SNP),H0982-026,H0982026,CMS 2026 county + segment match,Solis Wellness Plan (HMO C-SNP),Solis Health Plans,HMO C-SNP,Chronic or Disabling Condition,$0.00 ,"$2,900.00 ",4.5,No,Historical 2026 CMS reference only — not verified 2027 benefits
Orange,C-SNP,Ultimate Health Plans,Advantage Care COPD by Ultimate (HMO C-SNP),H2962-023,H2962023,CMS 2026 county + segment match,Advantage Care COPD by Ultimate (HMO C-SNP),Ultimate Health Plans,HMO C-SNP,Chronic or Disabling Condition,$0.00 ,"$2,600.00 ",4.0,No,Historical 2026 CMS reference only — not verified 2027 benefits
Orange,C-SNP,Ultimate Health Plans,Advantage Care by Ultimate (HMO C-SNP),H2962-050,H2962050,CMS 2026 county + segment match,Advantage Care by Ultimate (HMO C-SNP),Ultimate Health Plans,HMO C-SNP,Chronic or Disabling Condition,$0.00 ,"$1,900.00 ",4.0,No,Historical 2026 CMS reference only — not verified 2027 benefits
Orange,D-SNP,UnitedHealthcare,UHC Dual Complete FL-Y5 (HMO-POS D-SNP),H2509-003,H2509003,CMS 2026 county + segment match,UHC Dual Complete FL-Y5 (HMO-POS D-SNP),UnitedHealthcare,HMO-POS D-SNP,Dual-Eligible,$0.00 ,"$9,250.00 ",3.5,No,Historical 2026 CMS reference only — not verified 2027 benefits
Orange,D-SNP,UnitedHealthcare,UHC Dual Complete Fl-D002 (HMO-POS D-SNP),H1045-039,H1045039,CMS 2026 county + segment match,UHC Dual Complete FL-D002 (HMO-POS D-SNP),UnitedHealthcare,HMO-POS D-SNP,Dual-Eligible,$0.00 ,"$9,250.00 ",4.5,No,Historical 2026 CMS reference only — not verified 2027 benefits
Orange,D-SNP,Humana,Humana Dual Integrated (HMO D-SNP),H1036-340,H1036340,CMS 2026 county + segment match,Humana Dual Integrated (HMO D-SNP),Humana,HMO D-SNP,Dual-Eligible,$0.00 ,"$9,250.00 ",4.5,No,Historical 2026 CMS reference only — not verified 2027 benefits
Orange,D-SNP,Humana,Humana Fully Integrated (HMO D-SNP),H1036-280,H1036280,CMS 2026 county + segment match,Humana Fully Integrated H1036-280 (HMO D-SNP),Humana,HMO D-SNP,Dual-Eligible,$0.00 ,"$3,400.00 ",4.5,No,Historical 2026 CMS reference only — not verified 2027 benefits
Orange,D-SNP,Humana,Humana Gold Plus SNP-DE (HMO D-SNP),H1036-213,H1036213,CMS 2026 county + segment match,Humana Gold Plus SNP-DE H1036-213 (HMO D-SNP),Humana,HMO D-SNP,Dual-Eligible,$0.00 ,"$3,400.00 ",4.5,No,Historical 2026 CMS reference only — not verified 2027 benefits
Orange,D-SNP,Humana,Humana Gold Plus SNP-DE (HMO D-SNP),H1036-314,H1036314,CMS 2026 county + segment match,Humana Gold Plus SNP-DE H1036-314 (HMO D-SNP),Humana,HMO D-SNP,Dual-Eligible,$0.00 ,"$3,400.00 ",4.5,No,Historical 2026 CMS reference only — not verified 2027 benefits
Orange,D-SNP,Aetna,Aetna Medicare Dual Select (HMO D-SNP),H1609-046,H1609046,CMS 2026 county + segment match,Aetna Medicare Dual Select (HMO D-SNP),Aetna Medicare,HMO D-SNP,Dual-Eligible,$4.80 ,"$9,250.00 ",4.5,No,Historical 2026 CMS reference only — not verified 2027 benefits
Orange,D-SNP,Aetna,Aetna Medicare Full Dual Select (HMO D-SNP),H1609-089,H1609089,CMS 2026 county + segment match,Aetna Medicare Full Dual Select (HMO D-SNP),Aetna Medicare,HMO D-SNP,Dual-Eligible,$2.60 ,"$9,250.00 ",4.5,No,Historical 2026 CMS reference only — not verified 2027 benefits
Orange,D-SNP,Devoted,Devoted DUAL 022 FL    (HMO-D-SNP),H1290-022,H1290022,CMS 2026 county + segment match,DEVOTED DUAL 022 FL (HMO D-SNP),Devoted Health,HMO D-SNP,Dual-Eligible,$4.80 ,"$3,900.00 ",5.0,No,Historical 2026 CMS reference only — not verified 2027 benefits
Orange,D-SNP,Devoted,Devoted DUAL FULL 080 FL (HMO D-SNP),H1290-080,H1290080,CMS 2026 county + segment match,DEVOTED DUAL FULL 080 FL (HMO D-SNP),Devoted Health,HMO D-SNP,Dual-Eligible,$0.00 ,"$9,250.00 ",5.0,No,Historical 2026 CMS reference only — not verified 2027 benefits
Orange,D-SNP,Devoted,Devoted DUAL PLUS 052 FL (HMO D-SNP),H1290-052,H1290052,CMS 2026 county + segment match,DEVOTED DUAL PLUS 052 FL (HMO D-SNP),Devoted Health,HMO D-SNP,Dual-Eligible,$0.00 ,"$9,250.00 ",5.0,No,Historical 2026 CMS reference only — not verified 2027 benefits
Orange,D-SNP,Doctors HealthCare,Doctors DrFullDual-CFL (HMO D-SNP),H4140-017,H4140017,CMS 2026 county + segment match,DrPlatinum-CFL (HMO D-SNP),"Doctors HealthCare Plans, Inc.",HMO D-SNP,Dual-Eligible,$0.00 ,"$3,400.00 ",4.5,No,Historical 2026 CMS reference only — not verified 2027 benefits
Orange,D-SNP,Freedom,Freedom Medi-Medi Full (HMO D-SNP),H5427-087,H5427087,CMS 2026 county + segment match,Freedom Medi-Medi Full (HMO D-SNP),"Freedom Health, Inc.",HMO D-SNP,Dual-Eligible,$0.00 ,$500.00 ,4.5,No,Historical 2026 CMS reference only — not verified 2027 benefits
Orange,D-SNP,Freedom,Freedom Medi-Medi Partial (HMO D-SNP),H5427-078,H5427078,CMS 2026 county + segment match,Freedom Medi-Medi Partial (HMO D-SNP),"Freedom Health, Inc.",HMO D-SNP,Dual-Eligible,$0.00 ,$500.00 ,4.5,No,Historical 2026 CMS reference only — not verified 2027 benefits
Orange,D-SNP,Optimum,Optimum Emerald Full (HMO D-SNP),H5594-017,H5594017,CMS 2026 county + segment match,Optimum Emerald Full (HMO D-SNP),"Optimum HealthCare, Inc.",HMO D-SNP,Dual-Eligible,$0.00 ,$500.00 ,4.5,No,Historical 2026 CMS reference only — not verified 2027 benefits
Orange,D-SNP,Optimum,Optimum Emerald Partial (HMO D-SNP),H5594-016,H5594016,CMS 2026 county + segment match,Optimum Emerald Partial (HMO D-SNP),"Optimum HealthCare, Inc.",HMO D-SNP,Dual-Eligible,$0.00 ,$500.00 ,4.5,No,Historical 2026 CMS reference only — not verified 2027 benefits
Orange,D-SNP,Simply,Simply Complete             (HMO D-SNP),H5471-072,H5471072,CMS 2026 county + segment match,Simply Complete (HMO D-SNP),"Simply Healthcare Plans, Inc.",HMO D-SNP,Dual-Eligible,$4.80 ,$500.00 ,4.5,No,Historical 2026 CMS reference only — not verified 2027 benefits
Orange,D-SNP,Simply,Simply Complete Platinum (HMO D-SNP),H5471-121,H5471121,CMS 2026 county + segment match,Simply Complete Platinum (HMO D-SNP),"Simply Healthcare Plans, Inc.",HMO D-SNP,Dual-Eligible,$4.80 ,$500.00 ,4.5,No,Historical 2026 CMS reference only — not verified 2027 benefits
Orange,D-SNP,Simply,Simply Integrated           (HMO D-SNP),H5471-129,H5471129,CMS 2026 county + segment match,Simply Integrated (HMO D-SNP),"Simply Healthcare Plans, Inc.",HMO D-SNP,Dual-Eligible,$4.80 ,$500.00 ,4.5,No,Historical 2026 CMS reference only — not verified 2027 benefits
Orange,D-SNP,Simply,Simply Integrated Platinum (HMO D-SNP),H5471-136,H5471136,CMS 2026 county + segment match,Simply Integrated Platinum (HMO D-SNP),"Simply Healthcare Plans, Inc.",HMO D-SNP,Dual-Eligible,$0.00 ,$500.00 ,4.5,No,Historical 2026 CMS reference only — not verified 2027 benefits
Orange,D-SNP,Wellcare,Wellcare Dual Access Sync     (HMO D-SNP),H1032-244-001,H1032244,CMS 2026 county + segment match,Wellcare Dual Access Sync (HMO D-SNP),Wellcare,HMO D-SNP,Dual-Eligible,$4.80 ,"$9,250.00 ",4.0,No,Historical 2026 CMS reference only — not verified 2027 benefits
Orange,D-SNP,Wellcare,Wellcare Dual Reserve      (HMO D-SNP),H1032-202,H1032202,CMS 2026 county + segment match,Wellcare Dual Reserve (HMO D-SNP),Wellcare,HMO D-SNP,Dual-Eligible,$4.80 ,"$3,000.00 ",4.0,No,Historical 2026 CMS reference only — not verified 2027 benefits
Orange,D-SNP,Wellcare,Wellcare Sunshine Health Dual Align (HMO D-SNP),H1032-245-001,H1032245,CMS 2026 county + segment match,Wellcare Sunshine Health Dual Align (HMO D-SNP),Wellcare,HMO D-SNP,Dual-Eligible,$4.80 ,"$9,250.00 ",4.0,No,Historical 2026 CMS reference only — not verified 2027 benefits
Orange,D-SNP,Solis,Solis Guardian Plan (HMO D-SNP),H0982-025,H0982025,CMS 2026 county + segment match,Solis Guardian Plan (HMO D-SNP),Solis Health Plans,HMO D-SNP,Dual-Eligible,$4.80 ,"$3,400.00 ",4.5,No,Historical 2026 CMS reference only — not verified 2027 benefits
Orange,D-SNP,Ultimate Health Plans,Advantage Plus by Ultimate Full (HMO D-SNP),H2962-035,H2962035,CMS 2026 county + segment match,Advantage Plus by Ultimate (Full) (HMO D-SNP),Ultimate Health Plans,HMO D-SNP,Dual-Eligible,$4.80 ,$500.00 ,4.0,No,Historical 2026 CMS reference only — not verified 2027 benefits
Orange,D-SNP,Ultimate Health Plans,Advantage Plus by Ultimate Partial (HMO D-SNP),H2962-036,H2962036,CMS 2026 county + segment match,Advantage Plus by Ultimate (Partial) (HMO D-SNP),Ultimate Health Plans,HMO D-SNP,Dual-Eligible,$0.00 ,$500.00 ,4.0,No,Historical 2026 CMS reference only — not verified 2027 benefits
Orange,D-SNP,Unknown,CareNeeds Extra               (HMO D-SNP),H1019-153,H1019153,CMS 2026 county + segment match,CareNeeds Extra (HMO D-SNP),"CarePlus Health Plans, Inc.",HMO D-SNP,Dual-Eligible,$0.00 ,"$9,250.00 ",4.5,No,Historical 2026 CMS reference only — not verified 2027 benefits
Orange,D-SNP,Unknown,CareNeeds Platinum       (HMO D-SNP),H1019-146,H1019146,CMS 2026 county + segment match,CareNeeds Platinum (HMO D-SNP),"CarePlus Health Plans, Inc.",HMO D-SNP,Dual-Eligible,$0.00 ,"$3,400.00 ",4.5,No,Historical 2026 CMS reference only — not verified 2027 benefits
Osceola,Giveback,Humana,Humana Gold Plus Giveback  (HMO),H1036-269,H1036269,CMS 2026 county + segment match,Humana Gold Plus Giveback H1036-269 (HMO),Humana,HMO,Not Applicable,$0.00 ,"$3,200.00 ",4.5,No,Historical 2026 CMS reference only — not verified 2027 benefits
Osceola,Giveback,Humana,Humana USAA Honor Giveback (HMO),H1036-290,H1036290,CMS 2026 county + segment match,Humana USAA Honor Giveback (HMO),Humana,HMO,Not Applicable,Not Applicable,"$6,700.00 ",4.5,No,Historical 2026 CMS reference only — not verified 2027 benefits
Osceola,Giveback,CarePlus,CareFree Platinum     Giveback (HMO),H1019-138,H1019138,CMS 2026 county + segment match,CareFree Platinum Giveback (HMO),"CarePlus Health Plans, Inc.",HMO,Not Applicable,$0.00 ,"$3,300.00 ",4.5,No,Historical 2026 CMS reference only — not verified 2027 benefits
Osceola,Giveback,CarePlus,CareSalute (HMO),H1019-132,H1019132,CMS 2026 county + segment match,CareSalute (HMO),"CarePlus Health Plans, Inc.",HMO,Not Applicable,Not Applicable,"$3,900.00 ",4.5,No,Historical 2026 CMS reference only — not verified 2027 benefits
Osceola,Giveback,Devoted,Devoted GIVEBACK 018 FL (HMO),H1290-018,H1290018,CMS 2026 county + segment match,DEVOTED GIVEBACK 018 FL (HMO),Devoted Health,HMO,Not Applicable,$0.00 ,"$6,750.00 ",5.0,No,Historical 2026 CMS reference only — not verified 2027 benefits
Osceola,Giveback,Simply,Simply Extra Platinum (HMO),H5471-120,H5471120,CMS 2026 county + segment match,Simply Extra Platinum (HMO),"Simply Healthcare Plans, Inc.",HMO,Not Applicable,$0.00 ,"$3,200.00 ",4.5,No,Historical 2026 CMS reference only — not verified 2027 benefits
Osceola,Giveback,Wellcare,Wellcare Patriot Giveback (HMO),H1032-239,H1032239,CMS 2026 county + segment match,Wellcare Patriot Giveback (HMO),Wellcare,HMO,Not Applicable,Not Applicable,"$5,000.00 ",4.0,No,Historical 2026 CMS reference only — not verified 2027 benefits
Osceola,Giveback,Ultimate Health Plans,Premier by Ultimate (HMO),H2962-046,H2962046,CMS 2026 county + segment match,Premier by Ultimate (HMO),Ultimate Health Plans,HMO,Not Applicable,$0.00 ,"$2,900.00 ",4.0,No,Historical 2026 CMS reference only — not verified 2027 benefits
Osceola,Core Plans,Humana,Humana Gold Plus (HMO),H1036-146,H1036146,CMS 2026 county + segment match,Humana Gold Plus H1036-146 (HMO),Humana,HMO,Not Applicable,$0.00 ,"$2,400.00 ",4.5,No,Historical 2026 CMS reference only — not verified 2027 benefits
Osceola,Core Plans,Aetna,Aetna Medicare Select (HMO),H1609-086,H1609086,CMS 2026 county + segment match,Aetna Medicare Select (HMO),Aetna Medicare,HMO,Not Applicable,$0.00 ,"$4,150.00 ",4.5,No,Historical 2026 CMS reference only — not verified 2027 benefits
Osceola,Core Plans,Aetna,Aetna Medicare Select Extra (HMO),H1609-028,H1609028,CMS 2026 county + segment match,Aetna Medicare Select Extra (HMO-POS),Aetna Medicare,HMO-POS,Not Applicable,$0.00 ,"$6,750.00 ",4.5,No,Historical 2026 CMS reference only — not verified 2027 benefits
Osceola,Core Plans,Devoted,Devoted CORE 005 FL (HMO),H1290-005,H1290005,CMS 2026 county + segment match,DEVOTED CORE 005 FL (HMO),Devoted Health,HMO,Not Applicable,$0.00 ,"$3,900.00 ",5.0,No,Historical 2026 CMS reference only — not verified 2027 benefits
Osceola,Core Plans,Devoted,Devoted CORE 063 FL (HMO),H1290-063,H1290063,CMS 2026 county + segment match,DEVOTED CORE 063 FL (HMO),Devoted Health,HMO,Not Applicable,$0.00 ,"$3,900.00 ",5.0,No,Historical 2026 CMS reference only — not verified 2027 benefits
Osceola,Core Plans,Devoted,Devoted PREMIUM 037 FL (HMO),H1290-037-004,H1290037,CMS 2026 county + segment match,DEVOTED PREMIUM 037 FL (HMO),Devoted Health,HMO,Not Applicable,$4.80 ,"$3,900.00 ",5.0,No,Historical 2026 CMS reference only — not verified 2027 benefits
Osceola,Core Plans,Doctors HealthCare,Doctors DrSelect-CFL (HMO),H4140-025,H4140025,Not in CY2026 landscape,,,,,,,,,Historical 2026 CMS reference only — not verified 2027 benefits
Osceola,Core Plans,Optimum,Optimum Gold Rewards Plan (HMO),H5594-022,H5594022,CMS 2026 county + segment match,Optimum Gold Rewards Plan (HMO),"Optimum HealthCare, Inc.",HMO,Not Applicable,$0.00 ,"$4,200.00 ",4.5,No,Historical 2026 CMS reference only — not verified 2027 benefits
Osceola,Core Plans,Simply,Simply More (HMO),H5471-074,H5471074,CMS 2026 county + segment match,Simply More (HMO),"Simply Healthcare Plans, Inc.",HMO,Not Applicable,$0.00 ,"$3,450.00 ",4.5,No,Historical 2026 CMS reference only — not verified 2027 benefits
Osceola,Core Plans,Solis,Solis Healthy Living Plan (HMO),H0982-024,H0982024,CMS 2026 county + segment match,Solis Healthy Living Plan (HMO),Solis Health Plans,HMO,Not Applicable,$0.00 ,"$2,900.00 ",4.5,No,Historical 2026 CMS reference only — not verified 2027 benefits
Osceola,Core Plans,Unknown,CareAccess (HMO),H1019-144,H1019144,CMS 2026 county + segment match,CareAccess (HMO),"CarePlus Health Plans, Inc.",HMO,Not Applicable,$0.00 ,"$3,750.00 ",4.5,No,Historical 2026 CMS reference only — not verified 2027 benefits
Osceola,Core Plans,Unknown,CareOne Plus (HMO-POS),H1019-057,H1019057,CMS 2026 county + segment match,CareOne Plus (HMO-POS),"CarePlus Health Plans, Inc.",HMO-POS,Not Applicable,$0.00 ,"$2,500.00 ",4.5,No,Historical 2026 CMS reference only — not verified 2027 benefits
Osceola,C-SNP,UnitedHealthcare,UHC Complete Care FL-14 (HMO-POS-C-SNP),H1045-048-001,H1045048,CMS 2026 county + segment match,UHC Complete Care FL-14 (HMO-POS C-SNP),UnitedHealthcare,HMO-POS C-SNP,Chronic or Disabling Condition,$0.00 ,"$3,400.00 ",4.5,No,Historical 2026 CMS reference only — not verified 2027 benefits
Osceola,C-SNP,Humana,Humana Gold Plus - Diabetes and Heart (HMO C-SNP),H1036-300,H1036300,CMS 2026 county + segment match,Humana Gold Plus - Diabetes and Heart (HMO C-SNP),Humana,HMO C-SNP,Chronic or Disabling Condition,$0.00 ,"$3,100.00 ",4.5,No,Historical 2026 CMS reference only — not verified 2027 benefits
Osceola,C-SNP,Humana,Humana Gold Plus Lung (HMO C-SNP),H1036-313,H1036313,CMS 2026 county + segment match,Humana Gold Plus Lung (HMO C-SNP),Humana,HMO C-SNP,Chronic or Disabling Condition,$0.00 ,"$3,100.00 ",4.5,No,Historical 2026 CMS reference only — not verified 2027 benefits
Osceola,C-SNP,Aetna,Aetna Medicare Chronic Care (HMO C-SNP),H1609-085,H1609085,CMS 2026 county + segment match,Aetna Medicare Chronic Care (HMO C-SNP),Aetna Medicare,HMO C-SNP,Chronic or Disabling Condition,$0.00 ,"$5,500.00 ",4.5,No,Historical 2026 CMS reference only — not verified 2027 benefits
Osceola,C-SNP,CarePlus,CareBreeze (HMO C-SNP),H1019-154,H1019154,CMS 2026 county + segment match,CareBreeze (HMO C-SNP),"CarePlus Health Plans, Inc.",HMO C-SNP,Chronic or Disabling Condition,$0.00 ,"$2,000.00 ",4.5,No,Historical 2026 CMS reference only — not verified 2027 benefits
Osceola,C-SNP,CarePlus,CareBreeze Platinum        (HMO C-SNP),H1019-151-001,H1019151,CMS 2026 county + segment match,CareBreeze Platinum (HMO C-SNP),"CarePlus Health Plans, Inc.",HMO C-SNP,Chronic or Disabling Condition,$0.00 ,"$2,000.00 ",4.5,No,Historical 2026 CMS reference only — not verified 2027 benefits
Osceola,C-SNP,CarePlus,CareComplete (HMO C-SNP),H1019-150,H1019150,CMS 2026 county + segment match,CareComplete (HMO C-SNP),"CarePlus Health Plans, Inc.",HMO C-SNP,Chronic or Disabling Condition,$0.00 ,"$2,000.00 ",4.5,No,Historical 2026 CMS reference only — not verified 2027 benefits
Osceola,C-SNP,CarePlus,CareComplete Platinum (HMO C-SNP),H1019-147-001,H1019147,CMS 2026 county + segment match,CareComplete Platinum (HMO C-SNP),"CarePlus Health Plans, Inc.",HMO C-SNP,Chronic or Disabling Condition,$0.00 ,"$2,400.00 ",4.5,No,Historical 2026 CMS reference only — not verified 2027 benefits
Osceola,C-SNP,Devoted,Devoted C-SNP Plus 087 FL (HMO C-SNP),H1290-087,H1290087,CMS 2026 county + segment match,DEVOTED C-SNP PLUS 087 FL (HMO C-SNP),Devoted Health,HMO C-SNP,Chronic or Disabling Condition,$4.80 ,"$9,250.00 ",5.0,No,Historical 2026 CMS reference only — not verified 2027 benefits
Osceola,C-SNP,Devoted,Devoted C-SNP Premium 074 FL (HMO C-SNP),H1290-074,H1290074,CMS 2026 county + segment match,DEVOTED C-SNP PREMIUM 074 FL (HMO C-SNP),Devoted Health,HMO C-SNP,Chronic or Disabling Condition,$4.80 ,"$3,900.00 ",5.0,No,Historical 2026 CMS reference only — not verified 2027 benefits
Osceola,C-SNP,Doctors HealthCare,Doctors DrExtraCare-CFL (HMO C-SNP),H4140-026,H4140026,Not in CY2026 landscape,,,,,,,,,Historical 2026 CMS reference only — not verified 2027 benefits
Osceola,C-SNP,Simply,Simply Level (HMO C-SNP),H5471-073,H5471073,CMS 2026 county + segment match,Simply Level (HMO C-SNP),"Simply Healthcare Plans, Inc.",HMO C-SNP,Chronic or Disabling Condition,$0.00 ,"$3,450.00 ",4.5,No,Historical 2026 CMS reference only — not verified 2027 benefits
Osceola,C-SNP,Simply,Simply Level Platinum       (HMO C-SNP),H5471-122,H5471122,CMS 2026 county + segment match,Simply Level Platinum (HMO C-SNP),"Simply Healthcare Plans, Inc.",HMO C-SNP,Chronic or Disabling Condition,$0.00 ,"$3,200.00 ",4.5,No,Historical 2026 CMS reference only — not verified 2027 benefits
Osceola,C-SNP,GK / Solis,GK Gold Dialysis & Kidney Complete (HMO-POS C-SNP),H1526-004,H1526004,CMS 2026 county + segment match,Gold Dialysis & Kidney Complete (HMO-POS C-SNP),Gold Kidney Health Plan,HMO-POS C-SNP,Chronic or Disabling Condition,$4.80 ,"$9,250.00 ",Not Enough Data Available,No,Historical 2026 CMS reference only — not verified 2027 benefits
Osceola,C-SNP,GK / Solis,GK Gold Heart & Diabetes (HMO-POS C-SNP),H1526-001,H1526001,CMS 2026 county + segment match,Gold Heart & Diabetes (HMO-POS C-SNP),Gold Kidney Health Plan,HMO-POS C-SNP,Chronic or Disabling Condition,$0.00 ,"$2,700.00 ",Not Enough Data Available,No,Historical 2026 CMS reference only — not verified 2027 benefits
Osceola,C-SNP,GK / Solis,GK Gold Heart & Diabetes Complete (HMO-POS C-SNP),H1526-002,H1526002,CMS 2026 county + segment match,Gold Heart & Diabetes Complete (HMO-POS C-SNP),Gold Kidney Health Plan,HMO-POS C-SNP,Chronic or Disabling Condition,$0.00 ,"$9,250.00 ",Not Enough Data Available,No,Historical 2026 CMS reference only — not verified 2027 benefits
Osceola,C-SNP,GK / Solis,Gold Dialysis & Kidney     (HMO-POS C-SNP),H1526-003,H1526003,CMS 2026 county + segment match,Gold Dialysis & Kidney (HMO-POS C-SNP),Gold Kidney Health Plan,HMO-POS C-SNP,Chronic or Disabling Condition,$0.00 ,"$3,100.00 ",Not Enough Data Available,No,Historical 2026 CMS reference only — not verified 2027 benefits
Osceola,C-SNP,Solis,Solis Wellness Giveback Plan (HMO C-SNP),H0982-033,H0982033,CMS 2026 county + segment match,Solis Wellness Giveback Plan (HMO C-SNP),Solis Health Plans,HMO C-SNP,Chronic or Disabling Condition,$0.00 ,"$3,400.00 ",4.5,No,Historical 2026 CMS reference only — not verified 2027 benefits
Osceola,C-SNP,Solis,Solis Wellness Plan (HMO C-SNP),H0982-026,H0982026,CMS 2026 county + segment match,Solis Wellness Plan (HMO C-SNP),Solis Health Plans,HMO C-SNP,Chronic or Disabling Condition,$0.00 ,"$2,900.00 ",4.5,No,Historical 2026 CMS reference only — not verified 2027 benefits
Osceola,C-SNP,Ultimate Health Plans,Advantage Care COPD by Ultimate (HMO C-SNP),H2962-023,H2962023,CMS 2026 county + segment match,Advantage Care COPD by Ultimate (HMO C-SNP),Ultimate Health Plans,HMO C-SNP,Chronic or Disabling Condition,$0.00 ,"$2,600.00 ",4.0,No,Historical 2026 CMS reference only — not verified 2027 benefits
Osceola,C-SNP,Ultimate Health Plans,Advantage Care by Ultimate (HMO C-SNP),H2962-050,H2962050,CMS 2026 county + segment match,Advantage Care by Ultimate (HMO C-SNP),Ultimate Health Plans,HMO C-SNP,Chronic or Disabling Condition,$0.00 ,"$1,900.00 ",4.0,No,Historical 2026 CMS reference only — not verified 2027 benefits
Osceola,D-SNP,UnitedHealthcare,UHC Dual Complete FL-Y5 (HMO-POS D-SNP),H2509-003,H2509003,CMS 2026 county + segment match,UHC Dual Complete FL-Y5 (HMO-POS D-SNP),UnitedHealthcare,HMO-POS D-SNP,Dual-Eligible,$0.00 ,"$9,250.00 ",3.5,No,Historical 2026 CMS reference only — not verified 2027 benefits
Osceola,D-SNP,UnitedHealthcare,UHC Dual Complete Fl-D002 (HMO-POS D-SNP),H1045-039,H1045039,CMS 2026 county + segment match,UHC Dual Complete FL-D002 (HMO-POS D-SNP),UnitedHealthcare,HMO-POS D-SNP,Dual-Eligible,$0.00 ,"$9,250.00 ",4.5,No,Historical 2026 CMS reference only — not verified 2027 benefits
Osceola,D-SNP,Humana,Humana Dual Integrated (HMO D-SNP),H1036-340,H1036340,CMS 2026 county + segment match,Humana Dual Integrated (HMO D-SNP),Humana,HMO D-SNP,Dual-Eligible,$0.00 ,"$9,250.00 ",4.5,No,Historical 2026 CMS reference only — not verified 2027 benefits
Osceola,D-SNP,Humana,Humana Fully Integrated (HMO D-SNP),H1036-280,H1036280,CMS 2026 county + segment match,Humana Fully Integrated H1036-280 (HMO D-SNP),Humana,HMO D-SNP,Dual-Eligible,$0.00 ,"$3,400.00 ",4.5,No,Historical 2026 CMS reference only — not verified 2027 benefits
Osceola,D-SNP,Humana,Humana Gold Plus SNP-DE (HMO D-SNP),H1036-213,H1036213,CMS 2026 county + segment match,Humana Gold Plus SNP-DE H1036-213 (HMO D-SNP),Humana,HMO D-SNP,Dual-Eligible,$0.00 ,"$3,400.00 ",4.5,No,Historical 2026 CMS reference only — not verified 2027 benefits
Osceola,D-SNP,Humana,Humana Gold Plus SNP-DE (HMO D-SNP),H1036-314,H1036314,CMS 2026 county + segment match,Humana Gold Plus SNP-DE H1036-314 (HMO D-SNP),Humana,HMO D-SNP,Dual-Eligible,$0.00 ,"$3,400.00 ",4.5,No,Historical 2026 CMS reference only — not verified 2027 benefits
Osceola,D-SNP,Aetna,Aetna Medicare Dual Select (HMO D-SNP),H1609-046,H1609046,CMS 2026 county + segment match,Aetna Medicare Dual Select (HMO D-SNP),Aetna Medicare,HMO D-SNP,Dual-Eligible,$4.80 ,"$9,250.00 ",4.5,No,Historical 2026 CMS reference only — not verified 2027 benefits
Osceola,D-SNP,Aetna,Aetna Medicare Full Dual Select (HMO D-SNP),H1609-089,H1609089,CMS 2026 county + segment match,Aetna Medicare Full Dual Select (HMO D-SNP),Aetna Medicare,HMO D-SNP,Dual-Eligible,$2.60 ,"$9,250.00 ",4.5,No,Historical 2026 CMS reference only — not verified 2027 benefits
Osceola,D-SNP,Devoted,Devoted DUAL 022 FL    (HMO-D-SNP),H1290-022,H1290022,CMS 2026 county + segment match,DEVOTED DUAL 022 FL (HMO D-SNP),Devoted Health,HMO D-SNP,Dual-Eligible,$4.80 ,"$3,900.00 ",5.0,No,Historical 2026 CMS reference only — not verified 2027 benefits
Osceola,D-SNP,Devoted,Devoted DUAL FULL 080 FL (HMO D-SNP),H1290-080,H1290080,CMS 2026 county + segment match,DEVOTED DUAL FULL 080 FL (HMO D-SNP),Devoted Health,HMO D-SNP,Dual-Eligible,$0.00 ,"$9,250.00 ",5.0,No,Historical 2026 CMS reference only — not verified 2027 benefits
Osceola,D-SNP,Devoted,Devoted DUAL PLUS 052 FL (HMO D-SNP),H1290-052,H1290052,CMS 2026 county + segment match,DEVOTED DUAL PLUS 052 FL (HMO D-SNP),Devoted Health,HMO D-SNP,Dual-Eligible,$0.00 ,"$9,250.00 ",5.0,No,Historical 2026 CMS reference only — not verified 2027 benefits
Osceola,D-SNP,Doctors HealthCare,Doctors DrFullDual-CFL (HMO D-SNP),H4140-017,H4140017,CMS 2026 county + segment match,DrPlatinum-CFL (HMO D-SNP),"Doctors HealthCare Plans, Inc.",HMO D-SNP,Dual-Eligible,$0.00 ,"$3,400.00 ",4.5,No,Historical 2026 CMS reference only — not verified 2027 benefits
Osceola,D-SNP,Freedom,Freedom Medi-Medi Full (HMO D-SNP),H5427-087,H5427087,CMS 2026 county + segment match,Freedom Medi-Medi Full (HMO D-SNP),"Freedom Health, Inc.",HMO D-SNP,Dual-Eligible,$0.00 ,$500.00 ,4.5,No,Historical 2026 CMS reference only — not verified 2027 benefits
Osceola,D-SNP,Freedom,Freedom Medi-Medi Partial (HMO D-SNP),H5427-078,H5427078,CMS 2026 county + segment match,Freedom Medi-Medi Partial (HMO D-SNP),"Freedom Health, Inc.",HMO D-SNP,Dual-Eligible,$0.00 ,$500.00 ,4.5,No,Historical 2026 CMS reference only — not verified 2027 benefits
Osceola,D-SNP,Optimum,Optimum Emerald Full (HMO D-SNP),H5594-017,H5594017,CMS 2026 county + segment match,Optimum Emerald Full (HMO D-SNP),"Optimum HealthCare, Inc.",HMO D-SNP,Dual-Eligible,$0.00 ,$500.00 ,4.5,No,Historical 2026 CMS reference only — not verified 2027 benefits
Osceola,D-SNP,Optimum,Optimum Emerald Partial (HMO D-SNP),H5594-016,H5594016,CMS 2026 county + segment match,Optimum Emerald Partial (HMO D-SNP),"Optimum HealthCare, Inc.",HMO D-SNP,Dual-Eligible,$0.00 ,$500.00 ,4.5,No,Historical 2026 CMS reference only — not verified 2027 benefits
Osceola,D-SNP,Simply,Simply Complete             (HMO D-SNP),H5471-072,H5471072,CMS 2026 county + segment match,Simply Complete (HMO D-SNP),"Simply Healthcare Plans, Inc.",HMO D-SNP,Dual-Eligible,$4.80 ,$500.00 ,4.5,No,Historical 2026 CMS reference only — not verified 2027 benefits
Osceola,D-SNP,Simply,Simply Complete Platinum (HMO D-SNP),H5471-121,H5471121,CMS 2026 county + segment match,Simply Complete Platinum (HMO D-SNP),"Simply Healthcare Plans, Inc.",HMO D-SNP,Dual-Eligible,$4.80 ,$500.00 ,4.5,No,Historical 2026 CMS reference only — not verified 2027 benefits
Osceola,D-SNP,Simply,Simply Integrated           (HMO D-SNP),H5471-129,H5471129,CMS 2026 county + segment match,Simply Integrated (HMO D-SNP),"Simply Healthcare Plans, Inc.",HMO D-SNP,Dual-Eligible,$4.80 ,$500.00 ,4.5,No,Historical 2026 CMS reference only — not verified 2027 benefits
Osceola,D-SNP,Simply,Simply Integrated Platinum (HMO D-SNP),H5471-136,H5471136,CMS 2026 county + segment match,Simply Integrated Platinum (HMO D-SNP),"Simply Healthcare Plans, Inc.",HMO D-SNP,Dual-Eligible,$0.00 ,$500.00 ,4.5,No,Historical 2026 CMS reference only — not verified 2027 benefits
Osceola,D-SNP,Wellcare,Wellcare Dual Access Sync     (HMO D-SNP),H1032-244-001,H1032244,CMS 2026 county + segment match,Wellcare Dual Access Sync (HMO D-SNP),Wellcare,HMO D-SNP,Dual-Eligible,$4.80 ,"$9,250.00 ",4.0,No,Historical 2026 CMS reference only — not verified 2027 benefits
Osceola,D-SNP,Wellcare,Wellcare Dual Reserve      (HMO D-SNP),H1032-202,H1032202,CMS 2026 county + segment match,Wellcare Dual Reserve (HMO D-SNP),Wellcare,HMO D-SNP,Dual-Eligible,$4.80 ,"$3,000.00 ",4.0,No,Historical 2026 CMS reference only — not verified 2027 benefits
Osceola,D-SNP,Wellcare,Wellcare Sunshine Health Dual Align (HMO D-SNP),H1032-245-001,H1032245,CMS 2026 county + segment match,Wellcare Sunshine Health Dual Align (HMO D-SNP),Wellcare,HMO D-SNP,Dual-Eligible,$4.80 ,"$9,250.00 ",4.0,No,Historical 2026 CMS reference only — not verified 2027 benefits
Osceola,D-SNP,Solis,Solis Guardian Plan (HMO D-SNP),H0982-025,H0982025,CMS 2026 county + segment match,Solis Guardian Plan (HMO D-SNP),Solis Health Plans,HMO D-SNP,Dual-Eligible,$4.80 ,"$3,400.00 ",4.5,No,Historical 2026 CMS reference only — not verified 2027 benefits
Osceola,D-SNP,Ultimate Health Plans,Advantage Plus by Ultimate Full (HMO D-SNP),H2962-035,H2962035,CMS 2026 county + segment match,Advantage Plus by Ultimate (Full) (HMO D-SNP),Ultimate Health Plans,HMO D-SNP,Dual-Eligible,$4.80 ,$500.00 ,4.0,No,Historical 2026 CMS reference only — not verified 2027 benefits
Osceola,D-SNP,Ultimate Health Plans,Advantage Plus by Ultimate Partial (HMO D-SNP),H2962-036,H2962036,CMS 2026 county + segment match,Advantage Plus by Ultimate (Partial) (HMO D-SNP),Ultimate Health Plans,HMO D-SNP,Dual-Eligible,$0.00 ,$500.00 ,4.0,No,Historical 2026 CMS reference only — not verified 2027 benefits
Osceola,D-SNP,Unknown,CareNeeds Extra               (HMO D-SNP),H1019-153,H1019153,CMS 2026 county + segment match,CareNeeds Extra (HMO D-SNP),"CarePlus Health Plans, Inc.",HMO D-SNP,Dual-Eligible,$0.00 ,"$9,250.00 ",4.5,No,Historical 2026 CMS reference only — not verified 2027 benefits
Osceola,D-SNP,Unknown,CareNeeds Platinum       (HMO D-SNP),H1019-146,H1019146,CMS 2026 county + segment match,CareNeeds Platinum (HMO D-SNP),"CarePlus Health Plans, Inc.",HMO D-SNP,Dual-Eligible,$0.00 ,"$3,400.00 ",4.5,No,Historical 2026 CMS reference only — not verified 2027 benefits
Seminole,Giveback,Humana,Humana Gold Plus Giveback  (HMO),H1036-269,H1036269,CMS 2026 county + segment match,Humana Gold Plus Giveback H1036-269 (HMO),Humana,HMO,Not Applicable,$0.00 ,"$3,200.00 ",4.5,No,Historical 2026 CMS reference only — not verified 2027 benefits
Seminole,Giveback,Humana,Humana USAA Honor Giveback (HMO),H1036-290,H1036290,CMS 2026 county + segment match,Humana USAA Honor Giveback (HMO),Humana,HMO,Not Applicable,Not Applicable,"$6,700.00 ",4.5,No,Historical 2026 CMS reference only — not verified 2027 benefits
Seminole,Giveback,CarePlus,CareFree Platinum     Giveback (HMO),H1019-138,H1019138,CMS 2026 county + segment match,CareFree Platinum Giveback (HMO),"CarePlus Health Plans, Inc.",HMO,Not Applicable,$0.00 ,"$3,300.00 ",4.5,No,Historical 2026 CMS reference only — not verified 2027 benefits
Seminole,Giveback,CarePlus,CareSalute (HMO),H1019-132,H1019132,CMS 2026 county + segment match,CareSalute (HMO),"CarePlus Health Plans, Inc.",HMO,Not Applicable,Not Applicable,"$3,900.00 ",4.5,No,Historical 2026 CMS reference only — not verified 2027 benefits
Seminole,Giveback,Devoted,Devoted GIVEBACK 018 FL (HMO),H1290-018,H1290018,CMS 2026 county + segment match,DEVOTED GIVEBACK 018 FL (HMO),Devoted Health,HMO,Not Applicable,$0.00 ,"$6,750.00 ",5.0,No,Historical 2026 CMS reference only — not verified 2027 benefits
Seminole,Giveback,Simply,Simply Extra Platinum (HMO),H5471-120,H5471120,CMS 2026 county + segment match,Simply Extra Platinum (HMO),"Simply Healthcare Plans, Inc.",HMO,Not Applicable,$0.00 ,"$3,200.00 ",4.5,No,Historical 2026 CMS reference only — not verified 2027 benefits
Seminole,Giveback,Wellcare,Wellcare Patriot Giveback (HMO),H1032-239,H1032239,CMS 2026 county + segment match,Wellcare Patriot Giveback (HMO),Wellcare,HMO,Not Applicable,Not Applicable,"$5,000.00 ",4.0,No,Historical 2026 CMS reference only — not verified 2027 benefits
Seminole,Giveback,Ultimate Health Plans,Premier by Ultimate (HMO),H2962-046,H2962046,CMS 2026 county + segment match,Premier by Ultimate (HMO),Ultimate Health Plans,HMO,Not Applicable,$0.00 ,"$2,900.00 ",4.0,No,Historical 2026 CMS reference only — not verified 2027 benefits
Seminole,Core Plans,Humana,Humana Gold Plus (HMO),H1036-146,H1036146,CMS 2026 county + segment match,Humana Gold Plus H1036-146 (HMO),Humana,HMO,Not Applicable,$0.00 ,"$2,400.00 ",4.5,No,Historical 2026 CMS reference only — not verified 2027 benefits
Seminole,Core Plans,Aetna,Aetna Medicare Select (HMO),H1609-086,H1609086,CMS 2026 county + segment match,Aetna Medicare Select (HMO),Aetna Medicare,HMO,Not Applicable,$0.00 ,"$4,150.00 ",4.5,No,Historical 2026 CMS reference only — not verified 2027 benefits
Seminole,Core Plans,Aetna,Aetna Medicare Select Extra (HMO),H1609-028,H1609028,CMS 2026 county + segment match,Aetna Medicare Select Extra (HMO-POS),Aetna Medicare,HMO-POS,Not Applicable,$0.00 ,"$6,750.00 ",4.5,No,Historical 2026 CMS reference only — not verified 2027 benefits
Seminole,Core Plans,Devoted,Devoted CORE 005 FL (HMO),H1290-005,H1290005,CMS 2026 county + segment match,DEVOTED CORE 005 FL (HMO),Devoted Health,HMO,Not Applicable,$0.00 ,"$3,900.00 ",5.0,No,Historical 2026 CMS reference only — not verified 2027 benefits
Seminole,Core Plans,Devoted,Devoted CORE 063 FL (HMO),H1290-063,H1290063,CMS 2026 county + segment match,DEVOTED CORE 063 FL (HMO),Devoted Health,HMO,Not Applicable,$0.00 ,"$3,900.00 ",5.0,No,Historical 2026 CMS reference only — not verified 2027 benefits
Seminole,Core Plans,Devoted,Devoted PREMIUM 037 FL (HMO),H1290-037-004,H1290037,CMS 2026 county + segment match,DEVOTED PREMIUM 037 FL (HMO),Devoted Health,HMO,Not Applicable,$4.80 ,"$3,900.00 ",5.0,No,Historical 2026 CMS reference only — not verified 2027 benefits
Seminole,Core Plans,Doctors HealthCare,Doctors DrSelect-CFL (HMO),H4140-025,H4140025,Not in CY2026 landscape,,,,,,,,,Historical 2026 CMS reference only — not verified 2027 benefits
Seminole,Core Plans,Optimum,Optimum Gold Rewards Plan (HMO),H5594-022,H5594022,CMS 2026 county + segment match,Optimum Gold Rewards Plan (HMO),"Optimum HealthCare, Inc.",HMO,Not Applicable,$0.00 ,"$4,200.00 ",4.5,No,Historical 2026 CMS reference only — not verified 2027 benefits
Seminole,Core Plans,Simply,Simply More (HMO),H5471-074,H5471074,CMS 2026 county + segment match,Simply More (HMO),"Simply Healthcare Plans, Inc.",HMO,Not Applicable,$0.00 ,"$3,450.00 ",4.5,No,Historical 2026 CMS reference only — not verified 2027 benefits
Seminole,Core Plans,Solis,Solis Healthy Living Plan (HMO),H0982-024,H0982024,CMS 2026 county + segment match,Solis Healthy Living Plan (HMO),Solis Health Plans,HMO,Not Applicable,$0.00 ,"$2,900.00 ",4.5,No,Historical 2026 CMS reference only — not verified 2027 benefits
Seminole,Core Plans,Unknown,CareAccess (HMO),H1019-144,H1019144,CMS 2026 county + segment match,CareAccess (HMO),"CarePlus Health Plans, Inc.",HMO,Not Applicable,$0.00 ,"$3,750.00 ",4.5,No,Historical 2026 CMS reference only — not verified 2027 benefits
Seminole,Core Plans,Unknown,CareOne Plus (HMO-POS),H1019-057,H1019057,CMS 2026 county + segment match,CareOne Plus (HMO-POS),"CarePlus Health Plans, Inc.",HMO-POS,Not Applicable,$0.00 ,"$2,500.00 ",4.5,No,Historical 2026 CMS reference only — not verified 2027 benefits
Seminole,C-SNP,UnitedHealthcare,UHC Complete Care FL-14 (HMO-POS-C-SNP),H1045-048-001,H1045048,CMS 2026 county + segment match,UHC Complete Care FL-14 (HMO-POS C-SNP),UnitedHealthcare,HMO-POS C-SNP,Chronic or Disabling Condition,$0.00 ,"$3,400.00 ",4.5,No,Historical 2026 CMS reference only — not verified 2027 benefits
Seminole,C-SNP,Humana,Humana Gold Plus - Diabetes and Heart (HMO C-SNP),H1036-300,H1036300,CMS 2026 county + segment match,Humana Gold Plus - Diabetes and Heart (HMO C-SNP),Humana,HMO C-SNP,Chronic or Disabling Condition,$0.00 ,"$3,100.00 ",4.5,No,Historical 2026 CMS reference only — not verified 2027 benefits
Seminole,C-SNP,Humana,Humana Gold Plus Lung (HMO C-SNP),H1036-313,H1036313,CMS 2026 county + segment match,Humana Gold Plus Lung (HMO C-SNP),Humana,HMO C-SNP,Chronic or Disabling Condition,$0.00 ,"$3,100.00 ",4.5,No,Historical 2026 CMS reference only — not verified 2027 benefits
Seminole,C-SNP,Aetna,Aetna Medicare Chronic Care (HMO C-SNP),H1609-085,H1609085,CMS 2026 county + segment match,Aetna Medicare Chronic Care (HMO C-SNP),Aetna Medicare,HMO C-SNP,Chronic or Disabling Condition,$0.00 ,"$5,500.00 ",4.5,No,Historical 2026 CMS reference only — not verified 2027 benefits
Seminole,C-SNP,CarePlus,CareBreeze (HMO C-SNP),H1019-154,H1019154,CMS 2026 county + segment match,CareBreeze (HMO C-SNP),"CarePlus Health Plans, Inc.",HMO C-SNP,Chronic or Disabling Condition,$0.00 ,"$2,000.00 ",4.5,No,Historical 2026 CMS reference only — not verified 2027 benefits
Seminole,C-SNP,CarePlus,CareBreeze Platinum        (HMO C-SNP),H1019-151-001,H1019151,CMS 2026 county + segment match,CareBreeze Platinum (HMO C-SNP),"CarePlus Health Plans, Inc.",HMO C-SNP,Chronic or Disabling Condition,$0.00 ,"$2,000.00 ",4.5,No,Historical 2026 CMS reference only — not verified 2027 benefits
Seminole,C-SNP,CarePlus,CareComplete (HMO C-SNP),H1019-150,H1019150,CMS 2026 county + segment match,CareComplete (HMO C-SNP),"CarePlus Health Plans, Inc.",HMO C-SNP,Chronic or Disabling Condition,$0.00 ,"$2,000.00 ",4.5,No,Historical 2026 CMS reference only — not verified 2027 benefits
Seminole,C-SNP,CarePlus,CareComplete Platinum (HMO C-SNP),H1019-147-001,H1019147,CMS 2026 county + segment match,CareComplete Platinum (HMO C-SNP),"CarePlus Health Plans, Inc.",HMO C-SNP,Chronic or Disabling Condition,$0.00 ,"$2,400.00 ",4.5,No,Historical 2026 CMS reference only — not verified 2027 benefits
Seminole,C-SNP,Devoted,Devoted C-SNP Plus 087 FL (HMO C-SNP),H1290-087,H1290087,CMS 2026 county + segment match,DEVOTED C-SNP PLUS 087 FL (HMO C-SNP),Devoted Health,HMO C-SNP,Chronic or Disabling Condition,$4.80 ,"$9,250.00 ",5.0,No,Historical 2026 CMS reference only — not verified 2027 benefits
Seminole,C-SNP,Devoted,Devoted C-SNP Premium 074 FL (HMO C-SNP),H1290-074,H1290074,CMS 2026 county + segment match,DEVOTED C-SNP PREMIUM 074 FL (HMO C-SNP),Devoted Health,HMO C-SNP,Chronic or Disabling Condition,$4.80 ,"$3,900.00 ",5.0,No,Historical 2026 CMS reference only — not verified 2027 benefits
Seminole,C-SNP,Doctors HealthCare,Doctors DrExtraCare-CFL (HMO C-SNP),H4140-026,H4140026,Not in CY2026 landscape,,,,,,,,,Historical 2026 CMS reference only — not verified 2027 benefits
Seminole,C-SNP,Simply,Simply Level (HMO C-SNP),H5471-073,H5471073,CMS 2026 county + segment match,Simply Level (HMO C-SNP),"Simply Healthcare Plans, Inc.",HMO C-SNP,Chronic or Disabling Condition,$0.00 ,"$3,450.00 ",4.5,No,Historical 2026 CMS reference only — not verified 2027 benefits
Seminole,C-SNP,Simply,Simply Level Platinum       (HMO C-SNP),H5471-122,H5471122,CMS 2026 county + segment match,Simply Level Platinum (HMO C-SNP),"Simply Healthcare Plans, Inc.",HMO C-SNP,Chronic or Disabling Condition,$0.00 ,"$3,200.00 ",4.5,No,Historical 2026 CMS reference only — not verified 2027 benefits
Seminole,C-SNP,GK / Solis,GK Gold Dialysis & Kidney Complete (HMO-POS C-SNP),H1526-004,H1526004,CMS 2026 county + segment match,Gold Dialysis & Kidney Complete (HMO-POS C-SNP),Gold Kidney Health Plan,HMO-POS C-SNP,Chronic or Disabling Condition,$4.80 ,"$9,250.00 ",Not Enough Data Available,No,Historical 2026 CMS reference only — not verified 2027 benefits
Seminole,C-SNP,GK / Solis,GK Gold Heart & Diabetes (HMO-POS C-SNP),H1526-001,H1526001,CMS 2026 county + segment match,Gold Heart & Diabetes (HMO-POS C-SNP),Gold Kidney Health Plan,HMO-POS C-SNP,Chronic or Disabling Condition,$0.00 ,"$2,700.00 ",Not Enough Data Available,No,Historical 2026 CMS reference only — not verified 2027 benefits
Seminole,C-SNP,GK / Solis,GK Gold Heart & Diabetes Complete (HMO-POS C-SNP),H1526-002,H1526002,CMS 2026 county + segment match,Gold Heart & Diabetes Complete (HMO-POS C-SNP),Gold Kidney Health Plan,HMO-POS C-SNP,Chronic or Disabling Condition,$0.00 ,"$9,250.00 ",Not Enough Data Available,No,Historical 2026 CMS reference only — not verified 2027 benefits
Seminole,C-SNP,GK / Solis,Gold Dialysis & Kidney     (HMO-POS C-SNP),H1526-003,H1526003,CMS 2026 county + segment match,Gold Dialysis & Kidney (HMO-POS C-SNP),Gold Kidney Health Plan,HMO-POS C-SNP,Chronic or Disabling Condition,$0.00 ,"$3,100.00 ",Not Enough Data Available,No,Historical 2026 CMS reference only — not verified 2027 benefits
Seminole,C-SNP,Solis,Solis Wellness Giveback Plan (HMO C-SNP),H0982-033,H0982033,CMS 2026 county + segment match,Solis Wellness Giveback Plan (HMO C-SNP),Solis Health Plans,HMO C-SNP,Chronic or Disabling Condition,$0.00 ,"$3,400.00 ",4.5,No,Historical 2026 CMS reference only — not verified 2027 benefits
Seminole,C-SNP,Solis,Solis Wellness Plan (HMO C-SNP),H0982-026,H0982026,CMS 2026 county + segment match,Solis Wellness Plan (HMO C-SNP),Solis Health Plans,HMO C-SNP,Chronic or Disabling Condition,$0.00 ,"$2,900.00 ",4.5,No,Historical 2026 CMS reference only — not verified 2027 benefits
Seminole,C-SNP,Ultimate Health Plans,Advantage Care COPD by Ultimate (HMO C-SNP),H2962-023,H2962023,CMS 2026 county + segment match,Advantage Care COPD by Ultimate (HMO C-SNP),Ultimate Health Plans,HMO C-SNP,Chronic or Disabling Condition,$0.00 ,"$2,600.00 ",4.0,No,Historical 2026 CMS reference only — not verified 2027 benefits
Seminole,C-SNP,Ultimate Health Plans,Advantage Care by Ultimate (HMO C-SNP),H2962-050,H2962050,CMS 2026 county + segment match,Advantage Care by Ultimate (HMO C-SNP),Ultimate Health Plans,HMO C-SNP,Chronic or Disabling Condition,$0.00 ,"$1,900.00 ",4.0,No,Historical 2026 CMS reference only — not verified 2027 benefits
Seminole,D-SNP,UnitedHealthcare,UHC Dual Complete FL-Y5 (HMO-POS D-SNP),H2509-003,H2509003,CMS 2026 county + segment match,UHC Dual Complete FL-Y5 (HMO-POS D-SNP),UnitedHealthcare,HMO-POS D-SNP,Dual-Eligible,$0.00 ,"$9,250.00 ",3.5,No,Historical 2026 CMS reference only — not verified 2027 benefits
Seminole,D-SNP,UnitedHealthcare,UHC Dual Complete Fl-D002 (HMO-POS D-SNP),H1045-039,H1045039,CMS 2026 county + segment match,UHC Dual Complete FL-D002 (HMO-POS D-SNP),UnitedHealthcare,HMO-POS D-SNP,Dual-Eligible,$0.00 ,"$9,250.00 ",4.5,No,Historical 2026 CMS reference only — not verified 2027 benefits
Seminole,D-SNP,Humana,Humana Dual Integrated (HMO D-SNP),H1036-340,H1036340,CMS 2026 county + segment match,Humana Dual Integrated (HMO D-SNP),Humana,HMO D-SNP,Dual-Eligible,$0.00 ,"$9,250.00 ",4.5,No,Historical 2026 CMS reference only — not verified 2027 benefits
Seminole,D-SNP,Humana,Humana Fully Integrated (HMO D-SNP),H1036-280,H1036280,CMS 2026 county + segment match,Humana Fully Integrated H1036-280 (HMO D-SNP),Humana,HMO D-SNP,Dual-Eligible,$0.00 ,"$3,400.00 ",4.5,No,Historical 2026 CMS reference only — not verified 2027 benefits
Seminole,D-SNP,Humana,Humana Gold Plus SNP-DE (HMO D-SNP),H1036-213,H1036213,CMS 2026 county + segment match,Humana Gold Plus SNP-DE H1036-213 (HMO D-SNP),Humana,HMO D-SNP,Dual-Eligible,$0.00 ,"$3,400.00 ",4.5,No,Historical 2026 CMS reference only — not verified 2027 benefits
Seminole,D-SNP,Humana,Humana Gold Plus SNP-DE (HMO D-SNP),H1036-314,H1036314,CMS 2026 county + segment match,Humana Gold Plus SNP-DE H1036-314 (HMO D-SNP),Humana,HMO D-SNP,Dual-Eligible,$0.00 ,"$3,400.00 ",4.5,No,Historical 2026 CMS reference only — not verified 2027 benefits
Seminole,D-SNP,Aetna,Aetna Medicare Dual Select (HMO D-SNP),H1609-046,H1609046,CMS 2026 county + segment match,Aetna Medicare Dual Select (HMO D-SNP),Aetna Medicare,HMO D-SNP,Dual-Eligible,$4.80 ,"$9,250.00 ",4.5,No,Historical 2026 CMS reference only — not verified 2027 benefits
Seminole,D-SNP,Aetna,Aetna Medicare Full Dual Select (HMO D-SNP),H1609-089,H1609089,CMS 2026 county + segment match,Aetna Medicare Full Dual Select (HMO D-SNP),Aetna Medicare,HMO D-SNP,Dual-Eligible,$2.60 ,"$9,250.00 ",4.5,No,Historical 2026 CMS reference only — not verified 2027 benefits
Seminole,D-SNP,Devoted,Devoted DUAL 022 FL    (HMO-D-SNP),H1290-022,H1290022,CMS 2026 county + segment match,DEVOTED DUAL 022 FL (HMO D-SNP),Devoted Health,HMO D-SNP,Dual-Eligible,$4.80 ,"$3,900.00 ",5.0,No,Historical 2026 CMS reference only — not verified 2027 benefits
Seminole,D-SNP,Devoted,Devoted DUAL FULL 080 FL (HMO D-SNP),H1290-080,H1290080,CMS 2026 county + segment match,DEVOTED DUAL FULL 080 FL (HMO D-SNP),Devoted Health,HMO D-SNP,Dual-Eligible,$0.00 ,"$9,250.00 ",5.0,No,Historical 2026 CMS reference only — not verified 2027 benefits
Seminole,D-SNP,Devoted,Devoted DUAL PLUS 052 FL (HMO D-SNP),H1290-052,H1290052,CMS 2026 county + segment match,DEVOTED DUAL PLUS 052 FL (HMO D-SNP),Devoted Health,HMO D-SNP,Dual-Eligible,$0.00 ,"$9,250.00 ",5.0,No,Historical 2026 CMS reference only — not verified 2027 benefits
Seminole,D-SNP,Doctors HealthCare,Doctors DrFullDual-CFL (HMO D-SNP),H4140-017,H4140017,CMS 2026 county + segment match,DrPlatinum-CFL (HMO D-SNP),"Doctors HealthCare Plans, Inc.",HMO D-SNP,Dual-Eligible,$0.00 ,"$3,400.00 ",4.5,No,Historical 2026 CMS reference only — not verified 2027 benefits
Seminole,D-SNP,Freedom,Freedom Medi-Medi Full (HMO D-SNP),H5427-087,H5427087,CMS 2026 county + segment match,Freedom Medi-Medi Full (HMO D-SNP),"Freedom Health, Inc.",HMO D-SNP,Dual-Eligible,$0.00 ,$500.00 ,4.5,No,Historical 2026 CMS reference only — not verified 2027 benefits
Seminole,D-SNP,Freedom,Freedom Medi-Medi Partial (HMO D-SNP),H5427-078,H5427078,CMS 2026 county + segment match,Freedom Medi-Medi Partial (HMO D-SNP),"Freedom Health, Inc.",HMO D-SNP,Dual-Eligible,$0.00 ,$500.00 ,4.5,No,Historical 2026 CMS reference only — not verified 2027 benefits
Seminole,D-SNP,Optimum,Optimum Emerald Full (HMO D-SNP),H5594-017,H5594017,CMS 2026 county + segment match,Optimum Emerald Full (HMO D-SNP),"Optimum HealthCare, Inc.",HMO D-SNP,Dual-Eligible,$0.00 ,$500.00 ,4.5,No,Historical 2026 CMS reference only — not verified 2027 benefits
Seminole,D-SNP,Optimum,Optimum Emerald Partial (HMO D-SNP),H5594-016,H5594016,CMS 2026 county + segment match,Optimum Emerald Partial (HMO D-SNP),"Optimum HealthCare, Inc.",HMO D-SNP,Dual-Eligible,$0.00 ,$500.00 ,4.5,No,Historical 2026 CMS reference only — not verified 2027 benefits
Seminole,D-SNP,Simply,Simply Complete             (HMO D-SNP),H5471-072,H5471072,CMS 2026 county + segment match,Simply Complete (HMO D-SNP),"Simply Healthcare Plans, Inc.",HMO D-SNP,Dual-Eligible,$4.80 ,$500.00 ,4.5,No,Historical 2026 CMS reference only — not verified 2027 benefits
Seminole,D-SNP,Simply,Simply Complete Platinum (HMO D-SNP),H5471-121,H5471121,CMS 2026 county + segment match,Simply Complete Platinum (HMO D-SNP),"Simply Healthcare Plans, Inc.",HMO D-SNP,Dual-Eligible,$4.80 ,$500.00 ,4.5,No,Historical 2026 CMS reference only — not verified 2027 benefits
Seminole,D-SNP,Simply,Simply Integrated           (HMO D-SNP),H5471-129,H5471129,CMS 2026 county + segment match,Simply Integrated (HMO D-SNP),"Simply Healthcare Plans, Inc.",HMO D-SNP,Dual-Eligible,$4.80 ,$500.00 ,4.5,No,Historical 2026 CMS reference only — not verified 2027 benefits
Seminole,D-SNP,Simply,Simply Integrated Platinum (HMO D-SNP),H5471-136,H5471136,CMS 2026 county + segment match,Simply Integrated Platinum (HMO D-SNP),"Simply Healthcare Plans, Inc.",HMO D-SNP,Dual-Eligible,$0.00 ,$500.00 ,4.5,No,Historical 2026 CMS reference only — not verified 2027 benefits
Seminole,D-SNP,Wellcare,Wellcare Dual Access Sync     (HMO D-SNP),H1032-244-001,H1032244,CMS 2026 county + segment match,Wellcare Dual Access Sync (HMO D-SNP),Wellcare,HMO D-SNP,Dual-Eligible,$4.80 ,"$9,250.00 ",4.0,No,Historical 2026 CMS reference only — not verified 2027 benefits
Seminole,D-SNP,Wellcare,Wellcare Dual Reserve      (HMO D-SNP),H1032-202,H1032202,CMS 2026 county + segment match,Wellcare Dual Reserve (HMO D-SNP),Wellcare,HMO D-SNP,Dual-Eligible,$4.80 ,"$3,000.00 ",4.0,No,Historical 2026 CMS reference only — not verified 2027 benefits
Seminole,D-SNP,Wellcare,Wellcare Sunshine Health Dual Align (HMO D-SNP),H1032-245-001,H1032245,CMS 2026 county + segment match,Wellcare Sunshine Health Dual Align (HMO D-SNP),Wellcare,HMO D-SNP,Dual-Eligible,$4.80 ,"$9,250.00 ",4.0,No,Historical 2026 CMS reference only — not verified 2027 benefits
Seminole,D-SNP,Solis,Solis Guardian Plan (HMO D-SNP),H0982-025,H0982025,CMS 2026 county + segment match,Solis Guardian Plan (HMO D-SNP),Solis Health Plans,HMO D-SNP,Dual-Eligible,$4.80 ,"$3,400.00 ",4.5,No,Historical 2026 CMS reference only — not verified 2027 benefits
Seminole,D-SNP,Ultimate Health Plans,Advantage Plus by Ultimate Full (HMO D-SNP),H2962-035,H2962035,CMS 2026 county + segment match,Advantage Plus by Ultimate (Full) (HMO D-SNP),Ultimate Health Plans,HMO D-SNP,Dual-Eligible,$4.80 ,$500.00 ,4.0,No,Historical 2026 CMS reference only — not verified 2027 benefits
Seminole,D-SNP,Ultimate Health Plans,Advantage Plus by Ultimate Partial (HMO D-SNP),H2962-036,H2962036,CMS 2026 county + segment match,Advantage Plus by Ultimate (Partial) (HMO D-SNP),Ultimate Health Plans,HMO D-SNP,Dual-Eligible,$0.00 ,$500.00 ,4.0,No,Historical 2026 CMS reference only — not verified 2027 benefits
Seminole,D-SNP,Unknown,CareNeeds Extra               (HMO D-SNP),H1019-153,H1019153,CMS 2026 county + segment match,CareNeeds Extra (HMO D-SNP),"CarePlus Health Plans, Inc.",HMO D-SNP,Dual-Eligible,$0.00 ,"$9,250.00 ",4.5,No,Historical 2026 CMS reference only — not verified 2027 benefits
Seminole,D-SNP,Unknown,CareNeeds Platinum       (HMO D-SNP),H1019-146,H1019146,CMS 2026 county + segment match,CareNeeds Platinum (HMO D-SNP),"CarePlus Health Plans, Inc.",HMO D-SNP,Dual-Eligible,$0.00 ,"$3,400.00 ",4.5,No,Historical 2026 CMS reference only — not verified 2027 benefits
Polk,Giveback,CarePlus,CareSalute (HMO),H1019-132,H1019132,CMS 2026 county + segment match,CareSalute (HMO),"CarePlus Health Plans, Inc.",HMO,Not Applicable,Not Applicable,"$3,900.00 ",4.5,No,Historical 2026 CMS reference only — not verified 2027 benefits
Polk,Giveback,Devoted,Devoted GIVEBACK 051 FL (HMO),H1290-051-002,H1290051,CMS 2026 county + segment match,DEVOTED GIVEBACK 051 FL (HMO),Devoted Health,HMO,Not Applicable,$0.00 ,"$6,750.00 ",5.0,No,Historical 2026 CMS reference only — not verified 2027 benefits
Polk,Giveback,Simply,Simply Extra Platinum (HMO),H5471-117,H5471117,CMS 2026 county + segment match,Simply Extra Platinum (HMO),"Simply Healthcare Plans, Inc.",HMO,Not Applicable,$0.00 ,"$3,200.00 ",4.5,No,Historical 2026 CMS reference only — not verified 2027 benefits
Polk,Giveback,Wellcare,Wellcare Patriot Giveback (HMO),H1032-239,H1032239,CMS 2026 county + segment match,Wellcare Patriot Giveback (HMO),Wellcare,HMO,Not Applicable,Not Applicable,"$5,000.00 ",4.0,No,Historical 2026 CMS reference only — not verified 2027 benefits
Polk,Giveback,Ultimate Health Plans,Premier by Ultimate (HMO),H2962-045,H2962045,CMS 2026 county + segment match,Premier by Ultimate (HMO),Ultimate Health Plans,HMO,Not Applicable,$0.00 ,"$1,900.00 ",4.0,No,Historical 2026 CMS reference only — not verified 2027 benefits
Polk,Core Plans,Aetna,Aetna Medicare Select Extra (HMO),H1609-028,H1609028,CMS 2026 county + segment match,Aetna Medicare Select Extra (HMO-POS),Aetna Medicare,HMO-POS,Not Applicable,$0.00 ,"$6,750.00 ",4.5,No,Historical 2026 CMS reference only — not verified 2027 benefits
Polk,Core Plans,Devoted,Devoted CORE 036 FL (HMO),H1290-036-002,H1290036,CMS 2026 county + segment match,DEVOTED CORE 036 FL (HMO),Devoted Health,HMO,Not Applicable,$0.00 ,"$6,750.00 ",5.0,No,Historical 2026 CMS reference only — not verified 2027 benefits
Polk,Core Plans,Devoted,Devoted CORE 065 FL (HMO),H1290-065,H1290065,CMS 2026 county + segment match,DEVOTED CORE 065 FL (HMO),Devoted Health,HMO,Not Applicable,$0.00 ,"$3,900.00 ",5.0,No,Historical 2026 CMS reference only — not verified 2027 benefits
Polk,Core Plans,Devoted,Devoted PREMIUM 037 FL (HMO),H1290-037-005,H1290037,CMS 2026 county + segment match,DEVOTED PREMIUM 037 FL (HMO),Devoted Health,HMO,Not Applicable,$4.80 ,"$3,900.00 ",5.0,No,Historical 2026 CMS reference only — not verified 2027 benefits
Polk,Core Plans,Doctors HealthCare,Doctors DrSelect-CFL (HMO),H4140-025,H4140025,Not in CY2026 landscape,,,,,,,,,Historical 2026 CMS reference only — not verified 2027 benefits
Polk,Core Plans,Optimum,Optimum Gold Plan (HMO),H5594-019,H5594019,CMS 2026 county + segment match,Optimum Gold Plan (HMO),"Optimum HealthCare, Inc.",HMO,Not Applicable,$0.00 ,"$4,200.00 ",4.5,No,Historical 2026 CMS reference only — not verified 2027 benefits
Polk,Core Plans,Simply,Simply More (HMO),H5471-071,H5471071,CMS 2026 county + segment match,Simply More (HMO),"Simply Healthcare Plans, Inc.",HMO,Not Applicable,$0.00 ,"$3,450.00 ",4.5,No,Historical 2026 CMS reference only — not verified 2027 benefits
Polk,Core Plans,Solis,Solis Healthy Living Plan (HMO),H0982-020,H0982020,CMS 2026 county + segment match,Solis Healthy Living Plan (HMO),Solis Health Plans,HMO,Not Applicable,$0.00 ,"$2,500.00 ",4.5,No,Historical 2026 CMS reference only — not verified 2027 benefits
Polk,Core Plans,Unknown,CareAccess (HMO),H1019-144,H1019144,CMS 2026 county + segment match,CareAccess (HMO),"CarePlus Health Plans, Inc.",HMO,Not Applicable,$0.00 ,"$3,750.00 ",4.5,No,Historical 2026 CMS reference only — not verified 2027 benefits
Polk,C-SNP,UnitedHealthcare,UHC Complete Care FL-14 (HMO-POS-C-SNP),H1045-048-003,H1045048,CMS 2026 county + segment match,UHC Complete Care FL-14 (HMO-POS C-SNP),UnitedHealthcare,HMO-POS C-SNP,Chronic or Disabling Condition,$0.00 ,"$3,400.00 ",4.5,No,Historical 2026 CMS reference only — not verified 2027 benefits
Polk,C-SNP,Humana,Humana Gold Plus - Diabetes and Heart (HMO C-SNP),H1036-299,H1036299,CMS 2026 county + segment match,Humana Gold Plus - Diabetes and Heart (HMO C-SNP),Humana,HMO C-SNP,Chronic or Disabling Condition,$0.00 ,"$2,000.00 ",4.5,No,Historical 2026 CMS reference only — not verified 2027 benefits
Polk,C-SNP,Humana,Humana Gold Plus Lung (HMO C-SNP),H1036-312,H1036312,CMS 2026 county + segment match,Humana Gold Plus Lung (HMO C-SNP),Humana,HMO C-SNP,Chronic or Disabling Condition,$0.00 ,"$2,000.00 ",4.5,No,Historical 2026 CMS reference only — not verified 2027 benefits
Polk,C-SNP,CarePlus,CareBreeze (HMO C-SNP),H1019-154,H1019154,CMS 2026 county + segment match,CareBreeze (HMO C-SNP),"CarePlus Health Plans, Inc.",HMO C-SNP,Chronic or Disabling Condition,$0.00 ,"$2,000.00 ",4.5,No,Historical 2026 CMS reference only — not verified 2027 benefits
Polk,C-SNP,CarePlus,CareBreeze Platinum        (HMO C-SNP),H1019-151-002,H1019151,CMS 2026 county + segment match,CareBreeze Platinum (HMO C-SNP),"CarePlus Health Plans, Inc.",HMO C-SNP,Chronic or Disabling Condition,$0.00 ,"$2,500.00 ",4.5,No,Historical 2026 CMS reference only — not verified 2027 benefits
Polk,C-SNP,CarePlus,CareComplete (HMO C-SNP),H1019-150,H1019150,CMS 2026 county + segment match,CareComplete (HMO C-SNP),"CarePlus Health Plans, Inc.",HMO C-SNP,Chronic or Disabling Condition,$0.00 ,"$2,000.00 ",4.5,No,Historical 2026 CMS reference only — not verified 2027 benefits
Polk,C-SNP,CarePlus,CareComplete Platinum (HMO C-SNP),H1019-147-002,H1019147,CMS 2026 county + segment match,CareComplete Platinum (HMO C-SNP),"CarePlus Health Plans, Inc.",HMO C-SNP,Chronic or Disabling Condition,$0.00 ,"$2,500.00 ",4.5,No,Historical 2026 CMS reference only — not verified 2027 benefits
Polk,C-SNP,Devoted,Devoted C-SNP Plus 088 FL (HMO C-SNP),H1290-088,H1290088,CMS 2026 county + segment match,DEVOTED C-SNP PLUS 088 FL (HMO C-SNP),Devoted Health,HMO C-SNP,Chronic or Disabling Condition,$4.80 ,"$9,250.00 ",5.0,No,Historical 2026 CMS reference only — not verified 2027 benefits
Polk,C-SNP,Devoted,Devoted C-SNP Premium 072 FL (HMO C-SNP),H1290-072,H1290072,CMS 2026 county + segment match,DEVOTED C-SNP PREMIUM 072 FL (HMO C-SNP),Devoted Health,HMO C-SNP,Chronic or Disabling Condition,$4.80 ,"$4,900.00 ",5.0,No,Historical 2026 CMS reference only — not verified 2027 benefits
Polk,C-SNP,Doctors HealthCare,Doctors DrExtraCare-CFL (HMO C-SNP),H4140-026,H4140026,Not in CY2026 landscape,,,,,,,,,Historical 2026 CMS reference only — not verified 2027 benefits
Polk,C-SNP,Simply,Simply Level (HMO C-SNP),H5471-070,H5471070,CMS 2026 county + segment match,Simply Level (HMO C-SNP),"Simply Healthcare Plans, Inc.",HMO C-SNP,Chronic or Disabling Condition,$0.00 ,"$3,450.00 ",4.5,No,Historical 2026 CMS reference only — not verified 2027 benefits
Polk,C-SNP,Simply,Simply Level Platinum       (HMO C-SNP),H5471-119,H5471119,CMS 2026 county + segment match,Simply Level Platinum (HMO C-SNP),"Simply Healthcare Plans, Inc.",HMO C-SNP,Chronic or Disabling Condition,$0.00 ,"$2,450.00 ",4.5,No,Historical 2026 CMS reference only — not verified 2027 benefits
Polk,C-SNP,Solis,Solis Wellness Giveback Plan (HMO C-SNP),H0982-032,H0982032,CMS 2026 county + segment match,Solis Wellness Giveback Plan (HMO C-SNP),Solis Health Plans,HMO C-SNP,Chronic or Disabling Condition,$0.00 ,"$3,400.00 ",4.5,No,Historical 2026 CMS reference only — not verified 2027 benefits
Polk,C-SNP,Solis,Solis Wellness Plan (HMO C-SNP),H0982-021,H0982021,CMS 2026 county + segment match,Solis Wellness Plan (HMO C-SNP),Solis Health Plans,HMO C-SNP,Chronic or Disabling Condition,$0.00 ,"$2,500.00 ",4.5,No,Historical 2026 CMS reference only — not verified 2027 benefits
Polk,C-SNP,Ultimate Health Plans,Advantage Care by Ultimate (HMO C-SNP),H2962-051,H2962051,CMS 2026 county + segment match,Advantage Care by Ultimate (HMO C-SNP),Ultimate Health Plans,HMO C-SNP,Chronic or Disabling Condition,$0.00 ,"$3,200.00 ",4.0,No,Historical 2026 CMS reference only — not verified 2027 benefits
Polk,D-SNP,UnitedHealthcare,UHC Dual Complete FL-Y001 (HMO-POS D-SNP),H2509-001,H2509001,CMS 2026 county + segment match,UHC Dual Complete FL-Y001 (HMO-POS D-SNP),UnitedHealthcare,HMO-POS D-SNP,Dual-Eligible,$0.00 ,"$9,250.00 ",3.5,No,Historical 2026 CMS reference only — not verified 2027 benefits
Polk,D-SNP,UnitedHealthcare,UHC Dual Complete FL-Y5 (HMO-POS D-SNP),H2509-003,H2509003,CMS 2026 county + segment match,UHC Dual Complete FL-Y5 (HMO-POS D-SNP),UnitedHealthcare,HMO-POS D-SNP,Dual-Eligible,$0.00 ,"$9,250.00 ",3.5,No,Historical 2026 CMS reference only — not verified 2027 benefits
Polk,D-SNP,UnitedHealthcare,UHC Dual Complete Fl-D002 (HMO-POS D-SNP),H1045-039,H1045039,CMS 2026 county + segment match,UHC Dual Complete FL-D002 (HMO-POS D-SNP),UnitedHealthcare,HMO-POS D-SNP,Dual-Eligible,$0.00 ,"$9,250.00 ",4.5,No,Historical 2026 CMS reference only — not verified 2027 benefits
Polk,D-SNP,Humana,Humana Dual Integrated (HMO D-SNP),H1036-340,H1036340,CMS 2026 county + segment match,Humana Dual Integrated (HMO D-SNP),Humana,HMO D-SNP,Dual-Eligible,$0.00 ,"$9,250.00 ",4.5,No,Historical 2026 CMS reference only — not verified 2027 benefits
Polk,D-SNP,Humana,Humana Fully Integrated (HMO D-SNP),H1036-280,H1036280,CMS 2026 county + segment match,Humana Fully Integrated H1036-280 (HMO D-SNP),Humana,HMO D-SNP,Dual-Eligible,$0.00 ,"$3,400.00 ",4.5,No,Historical 2026 CMS reference only — not verified 2027 benefits
Polk,D-SNP,Humana,Humana Gold Plus SNP-DE (HMO D-SNP),H1036-102,H1036102,CMS 2026 county + segment match,Humana Gold Plus SNP-DE H1036-102 (HMO D-SNP),Humana,HMO D-SNP,Dual-Eligible,$0.00 ,"$1,500.00 ",4.5,No,Historical 2026 CMS reference only — not verified 2027 benefits
Polk,D-SNP,Humana,Humana Gold Plus SNP-DE (HMO D-SNP),H1036-314,H1036314,CMS 2026 county + segment match,Humana Gold Plus SNP-DE H1036-314 (HMO D-SNP),Humana,HMO D-SNP,Dual-Eligible,$0.00 ,"$3,400.00 ",4.5,No,Historical 2026 CMS reference only — not verified 2027 benefits
Polk,D-SNP,Aetna,Aetna Medicare Dual Select (HMO D-SNP),H1609-019,H1609019,CMS 2026 county + segment match,Aetna Medicare Dual Select (HMO D-SNP),Aetna Medicare,HMO D-SNP,Dual-Eligible,$0.00 ,"$9,250.00 ",4.5,No,Historical 2026 CMS reference only — not verified 2027 benefits
Polk,D-SNP,Devoted,Devoted DUAL 024 FL    (HMO-D-SNP),H1290-024,H1290024,CMS 2026 county + segment match,DEVOTED DUAL 024 FL (HMO D-SNP),Devoted Health,HMO D-SNP,Dual-Eligible,$0.00 ,"$3,900.00 ",5.0,No,Historical 2026 CMS reference only — not verified 2027 benefits
Polk,D-SNP,Devoted,Devoted DUAL FULL 081 FL (HMO D-SNP),H1290-081,H1290081,CMS 2026 county + segment match,DEVOTED DUAL FULL 081 FL (HMO D-SNP),Devoted Health,HMO D-SNP,Dual-Eligible,$0.00 ,"$9,250.00 ",5.0,No,Historical 2026 CMS reference only — not verified 2027 benefits
Polk,D-SNP,Devoted,Devoted DUAL PLUS 052 FL (HMO D-SNP),H1290-052,H1290052,CMS 2026 county + segment match,DEVOTED DUAL PLUS 052 FL (HMO D-SNP),Devoted Health,HMO D-SNP,Dual-Eligible,$0.00 ,"$9,250.00 ",5.0,No,Historical 2026 CMS reference only — not verified 2027 benefits
Polk,D-SNP,Doctors HealthCare,Doctors DrFullDual-CFL (HMO D-SNP),H4140-017,H4140017,CMS 2026 county + segment match,DrPlatinum-CFL (HMO D-SNP),"Doctors HealthCare Plans, Inc.",HMO D-SNP,Dual-Eligible,$0.00 ,"$3,400.00 ",4.5,No,Historical 2026 CMS reference only — not verified 2027 benefits
Polk,D-SNP,Freedom,Freedom Medi-Medi Full (HMO D-SNP),H5427-087,H5427087,CMS 2026 county + segment match,Freedom Medi-Medi Full (HMO D-SNP),"Freedom Health, Inc.",HMO D-SNP,Dual-Eligible,$0.00 ,$500.00 ,4.5,No,Historical 2026 CMS reference only — not verified 2027 benefits
Polk,D-SNP,Freedom,Freedom Medi-Medi Partial (HMO D-SNP),H5427-078,H5427078,CMS 2026 county + segment match,Freedom Medi-Medi Partial (HMO D-SNP),"Freedom Health, Inc.",HMO D-SNP,Dual-Eligible,$0.00 ,$500.00 ,4.5,No,Historical 2026 CMS reference only — not verified 2027 benefits
Polk,D-SNP,Optimum,Optimum Emerald Full (HMO D-SNP),H5594-017,H5594017,CMS 2026 county + segment match,Optimum Emerald Full (HMO D-SNP),"Optimum HealthCare, Inc.",HMO D-SNP,Dual-Eligible,$0.00 ,$500.00 ,4.5,No,Historical 2026 CMS reference only — not verified 2027 benefits
Polk,D-SNP,Optimum,Optimum Emerald Partial (HMO D-SNP),H5594-016,H5594016,CMS 2026 county + segment match,Optimum Emerald Partial (HMO D-SNP),"Optimum HealthCare, Inc.",HMO D-SNP,Dual-Eligible,$0.00 ,$500.00 ,4.5,No,Historical 2026 CMS reference only — not verified 2027 benefits
Polk,D-SNP,Simply,Simply Complete             (HMO D-SNP),H5471-066,H5471066,CMS 2026 county + segment match,Simply Complete (HMO D-SNP),"Simply Healthcare Plans, Inc.",HMO D-SNP,Dual-Eligible,$0.00 ,$500.00 ,4.5,No,Historical 2026 CMS reference only — not verified 2027 benefits
Polk,D-SNP,Simply,Simply Complete Platinum (HMO D-SNP),H5471-118,H5471118,CMS 2026 county + segment match,Simply Complete Platinum (HMO D-SNP),"Simply Healthcare Plans, Inc.",HMO D-SNP,Dual-Eligible,$4.80 ,$500.00 ,4.5,No,Historical 2026 CMS reference only — not verified 2027 benefits
Polk,D-SNP,Simply,Simply Integrated           (HMO D-SNP),H5471-128,H5471128,CMS 2026 county + segment match,Simply Integrated (HMO D-SNP),"Simply Healthcare Plans, Inc.",HMO D-SNP,Dual-Eligible,$0.00 ,$500.00 ,4.5,No,Historical 2026 CMS reference only — not verified 2027 benefits
Polk,D-SNP,Simply,Simply Integrated Platinum (HMO D-SNP),H5471-135,H5471135,CMS 2026 county + segment match,Simply Integrated Platinum (HMO D-SNP),"Simply Healthcare Plans, Inc.",HMO D-SNP,Dual-Eligible,$0.00 ,$500.00 ,4.5,No,Historical 2026 CMS reference only — not verified 2027 benefits
Polk,D-SNP,Wellcare,Wellcare Dual Access Sync     (HMO D-SNP),H1032-244-001,H1032244,CMS 2026 county + segment match,Wellcare Dual Access Sync (HMO D-SNP),Wellcare,HMO D-SNP,Dual-Eligible,$4.80 ,"$9,250.00 ",4.0,No,Historical 2026 CMS reference only — not verified 2027 benefits
Polk,D-SNP,Wellcare,Wellcare Dual Reserve      (HMO D-SNP),H1032-202,H1032202,CMS 2026 county + segment match,Wellcare Dual Reserve (HMO D-SNP),Wellcare,HMO D-SNP,Dual-Eligible,$4.80 ,"$3,000.00 ",4.0,No,Historical 2026 CMS reference only — not verified 2027 benefits
Polk,D-SNP,Wellcare,Wellcare Sunshine Health Dual Align (HMO D-SNP),H1032-245-001,H1032245,CMS 2026 county + segment match,Wellcare Sunshine Health Dual Align (HMO D-SNP),Wellcare,HMO D-SNP,Dual-Eligible,$4.80 ,"$9,250.00 ",4.0,No,Historical 2026 CMS reference only — not verified 2027 benefits
Polk,D-SNP,Solis,Solis Guardian Plan (HMO D-SNP),H0982-023,H0982023,CMS 2026 county + segment match,Solis Guardian Plan (HMO D-SNP),Solis Health Plans,HMO D-SNP,Dual-Eligible,$4.80 ,"$3,400.00 ",4.5,No,Historical 2026 CMS reference only — not verified 2027 benefits
Polk,D-SNP,Ultimate Health Plans,Advantage Plus by Ultimate Full (HMO D-SNP),H2962-035,H2962035,CMS 2026 county + segment match,Advantage Plus by Ultimate (Full) (HMO D-SNP),Ultimate Health Plans,HMO D-SNP,Dual-Eligible,$4.80 ,$500.00 ,4.0,No,Historical 2026 CMS reference only — not verified 2027 benefits
Polk,D-SNP,Ultimate Health Plans,Advantage Plus by Ultimate Partial (HMO D-SNP),H2962-036,H2962036,CMS 2026 county + segment match,Advantage Plus by Ultimate (Partial) (HMO D-SNP),Ultimate Health Plans,HMO D-SNP,Dual-Eligible,$0.00 ,$500.00 ,4.0,No,Historical 2026 CMS reference only — not verified 2027 benefits
Polk,D-SNP,Unknown,CareNeeds Extra               (HMO D-SNP),H1019-153,H1019153,CMS 2026 county + segment match,CareNeeds Extra (HMO D-SNP),"CarePlus Health Plans, Inc.",HMO D-SNP,Dual-Eligible,$0.00 ,"$9,250.00 ",4.5,No,Historical 2026 CMS reference only — not verified 2027 benefits
Polk,D-SNP,Unknown,CareNeeds Platinum       (HMO D-SNP),H1019-146,H1019146,CMS 2026 county + segment match,CareNeeds Platinum (HMO D-SNP),"CarePlus Health Plans, Inc.",HMO D-SNP,Dual-Eligible,$0.00 ,"$3,400.00 ",4.5,No,Historical 2026 CMS reference only — not verified 2027 benefits
Hillsborough,Giveback,Humana,Humana Gold Plus Giveback  (HMO),H1036-265-001,H1036265,CMS 2026 county + segment match,Humana Gold Plus Giveback H1036-265 (HMO),Humana,HMO,Not Applicable,$0.00 ,"$2,400.00 ",4.5,No,Historical 2026 CMS reference only — not verified 2027 benefits
Hillsborough,Giveback,CarePlus,CareFree Platinum Giveback (HMO),H1019-104-002,H1019104,CMS 2026 county + segment match,CareFree Platinum Giveback (HMO),"CarePlus Health Plans, Inc.",HMO,Not Applicable,$0.00 ,"$2,800.00 ",4.5,No,Historical 2026 CMS reference only — not verified 2027 benefits
Hillsborough,Giveback,CarePlus,CareSalute (HMO),H1019-132,H1019132,CMS 2026 county + segment match,CareSalute (HMO),"CarePlus Health Plans, Inc.",HMO,Not Applicable,Not Applicable,"$3,900.00 ",4.5,No,Historical 2026 CMS reference only — not verified 2027 benefits
Hillsborough,Giveback,Devoted,Devoted GIVEBACK 051 FL (HMO),H1290-051-001,H1290051,CMS 2026 county + segment match,DEVOTED GIVEBACK 051 FL (HMO),Devoted Health,HMO,Not Applicable,$0.00 ,"$6,750.00 ",5.0,No,Historical 2026 CMS reference only — not verified 2027 benefits
Hillsborough,Giveback,Optimum,Optimum Gold Rewards Plan (HMO),H5594-001,H5594001,CMS 2026 county + segment match,Optimum Gold Rewards Plan (HMO),"Optimum HealthCare, Inc.",HMO,Not Applicable,$0.00 ,"$1,900.00 ",4.5,No,Historical 2026 CMS reference only — not verified 2027 benefits
Hillsborough,Giveback,Simply,Simply Extra Platinum (HMO),H5471-117,H5471117,CMS 2026 county + segment match,Simply Extra Platinum (HMO),"Simply Healthcare Plans, Inc.",HMO,Not Applicable,$0.00 ,"$3,200.00 ",4.5,No,Historical 2026 CMS reference only — not verified 2027 benefits
Hillsborough,Giveback,Wellcare,Wellcare Patriot Giveback (HMO),H1032-239,H1032239,CMS 2026 county + segment match,Wellcare Patriot Giveback (HMO),Wellcare,HMO,Not Applicable,Not Applicable,"$5,000.00 ",4.0,No,Historical 2026 CMS reference only — not verified 2027 benefits
Hillsborough,Giveback,Ultimate Health Plans,Premier by Ultimate (HMO),H2962-045,H2962045,CMS 2026 county + segment match,Premier by Ultimate (HMO),Ultimate Health Plans,HMO,Not Applicable,$0.00 ,"$1,900.00 ",4.0,No,Historical 2026 CMS reference only — not verified 2027 benefits
Hillsborough,Core Plans,Humana,Humana Gold Plus (HMO),H1036-025,H1036025,CMS 2026 county + segment match,Humana Gold Plus H1036-025 (HMO),Humana,HMO,Not Applicable,$0.00 ,"$2,000.00 ",4.5,No,Historical 2026 CMS reference only — not verified 2027 benefits
Hillsborough,Core Plans,Aetna,Aetna Medicare Select (HMO),H1609-087,H1609087,CMS 2026 county + segment match,Aetna Medicare Select (HMO),Aetna Medicare,HMO,Not Applicable,$0.00 ,"$4,200.00 ",4.5,No,Historical 2026 CMS reference only — not verified 2027 benefits
Hillsborough,Core Plans,Aetna,Aetna Medicare Select Extra (HMO),H1609-028,H1609028,CMS 2026 county + segment match,Aetna Medicare Select Extra (HMO-POS),Aetna Medicare,HMO-POS,Not Applicable,$0.00 ,"$6,750.00 ",4.5,No,Historical 2026 CMS reference only — not verified 2027 benefits
Hillsborough,Core Plans,Devoted,Devoted CORE 036 FL (HMO),H1290-036-001,H1290036,CMS 2026 county + segment match,DEVOTED CORE 036 FL (HMO),Devoted Health,HMO,Not Applicable,$0.00 ,"$3,900.00 ",5.0,No,Historical 2026 CMS reference only — not verified 2027 benefits
Hillsborough,Core Plans,Devoted,Devoted CORE 058 FL (HMO),H1290-058,H1290058,CMS 2026 county + segment match,DEVOTED CORE 058 FL (HMO),Devoted Health,HMO,Not Applicable,$0.00 ,"$3,900.00 ",5.0,No,Historical 2026 CMS reference only — not verified 2027 benefits
Hillsborough,Core Plans,Devoted,Devoted PREMIUM 037 FL (HMO),H1290-037-005,H1290037,CMS 2026 county + segment match,DEVOTED PREMIUM 037 FL (HMO),Devoted Health,HMO,Not Applicable,$4.80 ,"$3,900.00 ",5.0,No,Historical 2026 CMS reference only — not verified 2027 benefits
Hillsborough,Core Plans,Doctors HealthCare,Doctors DrSelect-CFL (HMO),H4140-025,H4140025,Not in CY2026 landscape,,,,,,,,,Historical 2026 CMS reference only — not verified 2027 benefits
Hillsborough,Core Plans,Optimum,Optimum Platinum Plan (HMO),H5594-002,H5594002,CMS 2026 county + segment match,Optimum Platinum Plan (HMO),"Optimum HealthCare, Inc.",HMO,Not Applicable,$0.00 ,"$1,000.00 ",4.5,No,Historical 2026 CMS reference only — not verified 2027 benefits
Hillsborough,Core Plans,Simply,Simply More (HMO),H5471-078,H5471078,CMS 2026 county + segment match,Simply More (HMO),"Simply Healthcare Plans, Inc.",HMO,Not Applicable,$0.00 ,"$3,450.00 ",4.5,No,Historical 2026 CMS reference only — not verified 2027 benefits
Hillsborough,Core Plans,Solis,Solis Healthy Living Plan (HMO),H0982-009,H0982009,CMS 2026 county + segment match,Solis Healthy Living Plan (HMO),Solis Health Plans,HMO,Not Applicable,$0.00 ,"$2,900.00 ",4.5,No,Historical 2026 CMS reference only — not verified 2027 benefits
Hillsborough,Core Plans,Unknown,CareAccess (HMO),H1019-144,H1019144,CMS 2026 county + segment match,CareAccess (HMO),"CarePlus Health Plans, Inc.",HMO,Not Applicable,$0.00 ,"$3,750.00 ",4.5,No,Historical 2026 CMS reference only — not verified 2027 benefits
Hillsborough,Core Plans,Unknown,CareOne Plus (HMO),H1019-103-002,H1019103,CMS 2026 county + segment match,CareOne Plus (HMO),"CarePlus Health Plans, Inc.",HMO,Not Applicable,$0.00 ,"$2,000.00 ",4.5,No,Historical 2026 CMS reference only — not verified 2027 benefits
Hillsborough,C-SNP,UnitedHealthcare,UHC Complete Care FL-14 (HMO-POS-C-SNP),H1045-048-003,H1045048,CMS 2026 county + segment match,UHC Complete Care FL-14 (HMO-POS C-SNP),UnitedHealthcare,HMO-POS C-SNP,Chronic or Disabling Condition,$0.00 ,"$3,400.00 ",4.5,No,Historical 2026 CMS reference only — not verified 2027 benefits
Hillsborough,C-SNP,Humana,Humana Gold Plus - Diabetes and Heart (HMO C-SNP),H1036-299,H1036299,CMS 2026 county + segment match,Humana Gold Plus - Diabetes and Heart (HMO C-SNP),Humana,HMO C-SNP,Chronic or Disabling Condition,$0.00 ,"$2,000.00 ",4.5,No,Historical 2026 CMS reference only — not verified 2027 benefits
Hillsborough,C-SNP,Humana,Humana Gold Plus Lung (HMO C-SNP),H1036-312,H1036312,CMS 2026 county + segment match,Humana Gold Plus Lung (HMO C-SNP),Humana,HMO C-SNP,Chronic or Disabling Condition,$0.00 ,"$2,000.00 ",4.5,No,Historical 2026 CMS reference only — not verified 2027 benefits
Hillsborough,C-SNP,Aetna,Aetna Medicare Chronic Care (HMO C-SNP),H1609-082,H1609082,CMS 2026 county + segment match,Aetna Medicare Chronic Care (HMO C-SNP),Aetna Medicare,HMO C-SNP,Chronic or Disabling Condition,$0.00 ,"$4,200.00 ",4.5,No,Historical 2026 CMS reference only — not verified 2027 benefits
Hillsborough,C-SNP,CarePlus,CareBreeze (HMO C-SNP),H1019-154,H1019154,CMS 2026 county + segment match,CareBreeze (HMO C-SNP),"CarePlus Health Plans, Inc.",HMO C-SNP,Chronic or Disabling Condition,$0.00 ,"$2,000.00 ",4.5,No,Historical 2026 CMS reference only — not verified 2027 benefits
Hillsborough,C-SNP,CarePlus,CareBreeze Platinum        (HMO C-SNP),H1019-151-002,H1019151,CMS 2026 county + segment match,CareBreeze Platinum (HMO C-SNP),"CarePlus Health Plans, Inc.",HMO C-SNP,Chronic or Disabling Condition,$0.00 ,"$2,500.00 ",4.5,No,Historical 2026 CMS reference only — not verified 2027 benefits
Hillsborough,C-SNP,CarePlus,CareComplete (HMO C-SNP),H1019-150,H1019150,CMS 2026 county + segment match,CareComplete (HMO C-SNP),"CarePlus Health Plans, Inc.",HMO C-SNP,Chronic or Disabling Condition,$0.00 ,"$2,000.00 ",4.5,No,Historical 2026 CMS reference only — not verified 2027 benefits
Hillsborough,C-SNP,CarePlus,CareComplete Platinum (HMO C-SNP),H1019-147-002,H1019147,CMS 2026 county + segment match,CareComplete Platinum (HMO C-SNP),"CarePlus Health Plans, Inc.",HMO C-SNP,Chronic or Disabling Condition,$0.00 ,"$2,500.00 ",4.5,No,Historical 2026 CMS reference only — not verified 2027 benefits
Hillsborough,C-SNP,Devoted,Devoted C-SNP Plus 089 FL (HMO C-SNP),H1290-089,H1290089,CMS 2026 county + segment match,DEVOTED C-SNP PLUS 089 FL (HMO C-SNP),Devoted Health,HMO C-SNP,Chronic or Disabling Condition,$4.80 ,"$9,250.00 ",5.0,No,Historical 2026 CMS reference only — not verified 2027 benefits
Hillsborough,C-SNP,Devoted,Devoted C-SNP Premium 069 FL (HMO C-SNP),H1290-069,H1290069,CMS 2026 county + segment match,DEVOTED C-SNP PREMIUM 069 FL (HMO C-SNP),Devoted Health,HMO C-SNP,Chronic or Disabling Condition,$4.80 ,"$3,900.00 ",5.0,No,Historical 2026 CMS reference only — not verified 2027 benefits
Hillsborough,C-SNP,Doctors HealthCare,Doctors DrExtraCare-CFL (HMO C-SNP),H4140-026,H4140026,Not in CY2026 landscape,,,,,,,,,Historical 2026 CMS reference only — not verified 2027 benefits
Hillsborough,C-SNP,Simply,Simply Level (HMO C-SNP),H4571-075,H4571075,Not in CY2026 landscape,,,,,,,,,Historical 2026 CMS reference only — not verified 2027 benefits
Hillsborough,C-SNP,Simply,Simply Level Platinum       (HMO C-SNP),H5471-119,H5471119,CMS 2026 county + segment match,Simply Level Platinum (HMO C-SNP),"Simply Healthcare Plans, Inc.",HMO C-SNP,Chronic or Disabling Condition,$0.00 ,"$2,450.00 ",4.5,No,Historical 2026 CMS reference only — not verified 2027 benefits
Hillsborough,C-SNP,GK / Solis,GK Gold Dialysis & Kidney Complete (HMO-POS C-SNP),H1526-004,H1526004,CMS 2026 county + segment match,Gold Dialysis & Kidney Complete (HMO-POS C-SNP),Gold Kidney Health Plan,HMO-POS C-SNP,Chronic or Disabling Condition,$4.80 ,"$9,250.00 ",Not Enough Data Available,No,Historical 2026 CMS reference only — not verified 2027 benefits
Hillsborough,C-SNP,GK / Solis,GK Gold Heart & Diabetes (HMO-POS C-SNP),H1526-001,H1526001,CMS 2026 county + segment match,Gold Heart & Diabetes (HMO-POS C-SNP),Gold Kidney Health Plan,HMO-POS C-SNP,Chronic or Disabling Condition,$0.00 ,"$2,700.00 ",Not Enough Data Available,No,Historical 2026 CMS reference only — not verified 2027 benefits
Hillsborough,C-SNP,GK / Solis,GK Gold Heart & Diabetes Complete (HMO-POS C-SNP),H1526-002,H1526002,CMS 2026 county + segment match,Gold Heart & Diabetes Complete (HMO-POS C-SNP),Gold Kidney Health Plan,HMO-POS C-SNP,Chronic or Disabling Condition,$0.00 ,"$9,250.00 ",Not Enough Data Available,No,Historical 2026 CMS reference only — not verified 2027 benefits
Hillsborough,C-SNP,GK / Solis,Gold Dialysis & Kidney     (HMO-POS C-SNP),H1526-003,H1526003,CMS 2026 county + segment match,Gold Dialysis & Kidney (HMO-POS C-SNP),Gold Kidney Health Plan,HMO-POS C-SNP,Chronic or Disabling Condition,$0.00 ,"$3,100.00 ",Not Enough Data Available,No,Historical 2026 CMS reference only — not verified 2027 benefits
Hillsborough,C-SNP,Solis,Solis Wellness Giveback Plan (HMO C-SNP),H0982-031,H0982031,CMS 2026 county + segment match,Solis Wellness Giveback Plan (HMO C-SNP),Solis Health Plans,HMO C-SNP,Chronic or Disabling Condition,$0.00 ,"$2,700.00 ",4.5,No,Historical 2026 CMS reference only — not verified 2027 benefits
Hillsborough,C-SNP,Solis,Solis Wellness Plan (HMO C-SNP),H0982-019,H0982019,CMS 2026 county + segment match,Solis Wellness Plan (HMO C-SNP),Solis Health Plans,HMO C-SNP,Chronic or Disabling Condition,$0.00 ,"$2,500.00 ",4.5,No,Historical 2026 CMS reference only — not verified 2027 benefits
Hillsborough,C-SNP,Ultimate Health Plans,Advantage Care COPD by Ultimate (HMO C-SNP),H2962-025,H2962025,CMS 2026 county + segment match,Advantage Care COPD by Ultimate (HMO C-SNP),Ultimate Health Plans,HMO C-SNP,Chronic or Disabling Condition,$0.00 ,"$1,750.00 ",4.0,No,Historical 2026 CMS reference only — not verified 2027 benefits
Hillsborough,C-SNP,Ultimate Health Plans,Advantage Care by Ultimate (HMO C-SNP),H2962-026,H2962026,CMS 2026 county + segment match,Advantage Care by Ultimate (HMO C-SNP),Ultimate Health Plans,HMO C-SNP,Chronic or Disabling Condition,$0.00 ,"$1,600.00 ",4.0,No,Historical 2026 CMS reference only — not verified 2027 benefits
Hillsborough,D-SNP,UnitedHealthcare,UHC Dual Complete FL-Y001 (HMO-POS D-SNP),H2509-001,H2509001,CMS 2026 county + segment match,UHC Dual Complete FL-Y001 (HMO-POS D-SNP),UnitedHealthcare,HMO-POS D-SNP,Dual-Eligible,$0.00 ,"$9,250.00 ",3.5,No,Historical 2026 CMS reference only — not verified 2027 benefits
Hillsborough,D-SNP,UnitedHealthcare,UHC Dual Complete FL-Y5 (HMO-POS D-SNP),H2509-003,H2509003,CMS 2026 county + segment match,UHC Dual Complete FL-Y5 (HMO-POS D-SNP),UnitedHealthcare,HMO-POS D-SNP,Dual-Eligible,$0.00 ,"$9,250.00 ",3.5,No,Historical 2026 CMS reference only — not verified 2027 benefits
Hillsborough,D-SNP,UnitedHealthcare,UHC Dual Complete Fl-D002 (HMO-POS D-SNP),H1045-039,H1045039,CMS 2026 county + segment match,UHC Dual Complete FL-D002 (HMO-POS D-SNP),UnitedHealthcare,HMO-POS D-SNP,Dual-Eligible,$0.00 ,"$9,250.00 ",4.5,No,Historical 2026 CMS reference only — not verified 2027 benefits
Hillsborough,D-SNP,Humana,Humana Dual Integrated (HMO D-SNP),H1036-340,H1036340,CMS 2026 county + segment match,Humana Dual Integrated (HMO D-SNP),Humana,HMO D-SNP,Dual-Eligible,$0.00 ,"$9,250.00 ",4.5,No,Historical 2026 CMS reference only — not verified 2027 benefits
Hillsborough,D-SNP,Humana,Humana Fully Integrated (HMO D-SNP),H1036-280,H1036280,CMS 2026 county + segment match,Humana Fully Integrated H1036-280 (HMO D-SNP),Humana,HMO D-SNP,Dual-Eligible,$0.00 ,"$3,400.00 ",4.5,No,Historical 2026 CMS reference only — not verified 2027 benefits
Hillsborough,D-SNP,Humana,Humana Gold Plus SNP-DE (HMO D-SNP),H1036-102,H1036102,CMS 2026 county + segment match,Humana Gold Plus SNP-DE H1036-102 (HMO D-SNP),Humana,HMO D-SNP,Dual-Eligible,$0.00 ,"$1,500.00 ",4.5,No,Historical 2026 CMS reference only — not verified 2027 benefits
Hillsborough,D-SNP,Humana,Humana Gold Plus SNP-DE (HMO D-SNP),H1036-314,H1036314,CMS 2026 county + segment match,Humana Gold Plus SNP-DE H1036-314 (HMO D-SNP),Humana,HMO D-SNP,Dual-Eligible,$0.00 ,"$3,400.00 ",4.5,No,Historical 2026 CMS reference only — not verified 2027 benefits
Hillsborough,D-SNP,Aetna,Aetna Medicare Dual Select (HMO D-SNP),H1609-019,H1609019,CMS 2026 county + segment match,Aetna Medicare Dual Select (HMO D-SNP),Aetna Medicare,HMO D-SNP,Dual-Eligible,$0.00 ,"$9,250.00 ",4.5,No,Historical 2026 CMS reference only — not verified 2027 benefits
Hillsborough,D-SNP,Aetna,Aetna Medicare Dual Select (HMO D-SNP),H1609-044,H1609044,CMS 2026 county + segment match,Aetna Medicare Dual Select (HMO D-SNP),Aetna Medicare,HMO D-SNP,Dual-Eligible,$4.80 ,"$9,250.00 ",4.5,No,Historical 2026 CMS reference only — not verified 2027 benefits
Hillsborough,D-SNP,Aetna,Aetna Medicare Full Dual Select (HMO D-SNP),H1609-088,H1609088,CMS 2026 county + segment match,Aetna Medicare Full Dual Select (HMO D-SNP),Aetna Medicare,HMO D-SNP,Dual-Eligible,$4.80 ,"$9,250.00 ",4.5,No,Historical 2026 CMS reference only — not verified 2027 benefits
Hillsborough,D-SNP,Devoted,Devoted DUAL 024 FL    (HMO-D-SNP),H1290-024,H1290024,CMS 2026 county + segment match,DEVOTED DUAL 024 FL (HMO D-SNP),Devoted Health,HMO D-SNP,Dual-Eligible,$0.00 ,"$3,900.00 ",5.0,No,Historical 2026 CMS reference only — not verified 2027 benefits
Hillsborough,D-SNP,Devoted,Devoted DUAL FULL 082 FL (HMO D-SNP),H1290-082,H1290082,CMS 2026 county + segment match,DEVOTED DUAL FULL 082 FL (HMO D-SNP),Devoted Health,HMO D-SNP,Dual-Eligible,$0.00 ,"$9,250.00 ",5.0,No,Historical 2026 CMS reference only — not verified 2027 benefits
Hillsborough,D-SNP,Devoted,Devoted DUAL PLUS 052 FL (HMO D-SNP),H1290-052,H1290052,CMS 2026 county + segment match,DEVOTED DUAL PLUS 052 FL (HMO D-SNP),Devoted Health,HMO D-SNP,Dual-Eligible,$0.00 ,"$9,250.00 ",5.0,No,Historical 2026 CMS reference only — not verified 2027 benefits
Hillsborough,D-SNP,Doctors HealthCare,Doctors DrFullDual-CFL (HMO D-SNP),H4140-017,H4140017,CMS 2026 county + segment match,DrPlatinum-CFL (HMO D-SNP),"Doctors HealthCare Plans, Inc.",HMO D-SNP,Dual-Eligible,$0.00 ,"$3,400.00 ",4.5,No,Historical 2026 CMS reference only — not verified 2027 benefits
Hillsborough,D-SNP,Freedom,Freedom Medi-Medi Full (HMO D-SNP),H5427-087,H5427087,CMS 2026 county + segment match,Freedom Medi-Medi Full (HMO D-SNP),"Freedom Health, Inc.",HMO D-SNP,Dual-Eligible,$0.00 ,$500.00 ,4.5,No,Historical 2026 CMS reference only — not verified 2027 benefits
Hillsborough,D-SNP,Freedom,Freedom Medi-Medi Partial (HMO D-SNP),H5427-078,H5427078,CMS 2026 county + segment match,Freedom Medi-Medi Partial (HMO D-SNP),"Freedom Health, Inc.",HMO D-SNP,Dual-Eligible,$0.00 ,$500.00 ,4.5,No,Historical 2026 CMS reference only — not verified 2027 benefits
Hillsborough,D-SNP,Optimum,Optimum Emerald Full (HMO D-SNP),H5594-017,H5594017,CMS 2026 county + segment match,Optimum Emerald Full (HMO D-SNP),"Optimum HealthCare, Inc.",HMO D-SNP,Dual-Eligible,$0.00 ,$500.00 ,4.5,No,Historical 2026 CMS reference only — not verified 2027 benefits
Hillsborough,D-SNP,Optimum,Optimum Emerald Partial (HMO D-SNP),H5594-016,H5594016,CMS 2026 county + segment match,Optimum Emerald Partial (HMO D-SNP),"Optimum HealthCare, Inc.",HMO D-SNP,Dual-Eligible,$0.00 ,$500.00 ,4.5,No,Historical 2026 CMS reference only — not verified 2027 benefits
Hillsborough,D-SNP,Simply,Simply Complete             (HMO D-SNP),H5471-082,H5471082,CMS 2026 county + segment match,Simply Complete (HMO D-SNP),"Simply Healthcare Plans, Inc.",HMO D-SNP,Dual-Eligible,$4.80 ,$500.00 ,4.5,No,Historical 2026 CMS reference only — not verified 2027 benefits
Hillsborough,D-SNP,Simply,Simply Complete Platinum (HMO D-SNP),H5471-118,H5471118,CMS 2026 county + segment match,Simply Complete Platinum (HMO D-SNP),"Simply Healthcare Plans, Inc.",HMO D-SNP,Dual-Eligible,$4.80 ,$500.00 ,4.5,No,Historical 2026 CMS reference only — not verified 2027 benefits
Hillsborough,D-SNP,Simply,Simply Integrated           (HMO D-SNP),H5471-131,H5471131,CMS 2026 county + segment match,Simply Integrated (HMO D-SNP),"Simply Healthcare Plans, Inc.",HMO D-SNP,Dual-Eligible,$4.80 ,$500.00 ,4.5,No,Historical 2026 CMS reference only — not verified 2027 benefits
Hillsborough,D-SNP,Simply,Simply Integrated Platinum (HMO D-SNP),H5471-135,H5471135,CMS 2026 county + segment match,Simply Integrated Platinum (HMO D-SNP),"Simply Healthcare Plans, Inc.",HMO D-SNP,Dual-Eligible,$0.00 ,$500.00 ,4.5,No,Historical 2026 CMS reference only — not verified 2027 benefits
Hillsborough,D-SNP,Wellcare,Wellcare Dual Access Sync     (HMO D-SNP),H1032-244-001,H1032244,CMS 2026 county + segment match,Wellcare Dual Access Sync (HMO D-SNP),Wellcare,HMO D-SNP,Dual-Eligible,$4.80 ,"$9,250.00 ",4.0,No,Historical 2026 CMS reference only — not verified 2027 benefits
Hillsborough,D-SNP,Wellcare,Wellcare Dual Reserve      (HMO D-SNP),H1032-202,H1032202,CMS 2026 county + segment match,Wellcare Dual Reserve (HMO D-SNP),Wellcare,HMO D-SNP,Dual-Eligible,$4.80 ,"$3,000.00 ",4.0,No,Historical 2026 CMS reference only — not verified 2027 benefits
Hillsborough,D-SNP,Wellcare,Wellcare Sunshine Health Dual Align (HMO D-SNP),H1032-245-001,H1032245,CMS 2026 county + segment match,Wellcare Sunshine Health Dual Align (HMO D-SNP),Wellcare,HMO D-SNP,Dual-Eligible,$4.80 ,"$9,250.00 ",4.0,No,Historical 2026 CMS reference only — not verified 2027 benefits
Hillsborough,D-SNP,Solis,Solis Guardian Plan (HMO D-SNP),H0982-010,H0982010,CMS 2026 county + segment match,Solis Guardian Plan (HMO D-SNP),Solis Health Plans,HMO D-SNP,Dual-Eligible,$4.80 ,"$3,400.00 ",4.5,No,Historical 2026 CMS reference only — not verified 2027 benefits
Hillsborough,D-SNP,Ultimate Health Plans,Advantage Plus by Ultimate Full (HMO D-SNP),H2962-035,H2962035,CMS 2026 county + segment match,Advantage Plus by Ultimate (Full) (HMO D-SNP),Ultimate Health Plans,HMO D-SNP,Dual-Eligible,$4.80 ,$500.00 ,4.0,No,Historical 2026 CMS reference only — not verified 2027 benefits
Hillsborough,D-SNP,Ultimate Health Plans,Advantage Plus by Ultimate Partial (HMO D-SNP),H2962-036,H2962036,CMS 2026 county + segment match,Advantage Plus by Ultimate (Partial) (HMO D-SNP),Ultimate Health Plans,HMO D-SNP,Dual-Eligible,$0.00 ,$500.00 ,4.0,No,Historical 2026 CMS reference only — not verified 2027 benefits
Hillsborough,D-SNP,Unknown,CareNeeds Extra               (HMO D-SNP),H1019-153,H1019153,CMS 2026 county + segment match,CareNeeds Extra (HMO D-SNP),"CarePlus Health Plans, Inc.",HMO D-SNP,Dual-Eligible,$0.00 ,"$9,250.00 ",4.5,No,Historical 2026 CMS reference only — not verified 2027 benefits
Hillsborough,D-SNP,Unknown,CareNeeds Platinum       (HMO D-SNP),H1019-146,H1019146,CMS 2026 county + segment match,CareNeeds Platinum (HMO D-SNP),"CarePlus Health Plans, Inc.",HMO D-SNP,Dual-Eligible,$0.00 ,"$3,400.00 ",4.5,No,Historical 2026 CMS reference only — not verified 2027 benefits
Pasco,Giveback,Humana,Humana Gold Plus Giveback  (HMO),H1036-265-001,H1036265,CMS 2026 county + segment match,Humana Gold Plus Giveback H1036-265 (HMO),Humana,HMO,Not Applicable,$0.00 ,"$2,400.00 ",4.5,No,Historical 2026 CMS reference only — not verified 2027 benefits
Pasco,Giveback,CarePlus,CareFree Platinum Giveback (HMO),H1019-104-002,H1019104,CMS 2026 county + segment match,CareFree Platinum Giveback (HMO),"CarePlus Health Plans, Inc.",HMO,Not Applicable,$0.00 ,"$2,800.00 ",4.5,No,Historical 2026 CMS reference only — not verified 2027 benefits
Pasco,Giveback,CarePlus,CareSalute (HMO),H1019-132,H1019132,CMS 2026 county + segment match,CareSalute (HMO),"CarePlus Health Plans, Inc.",HMO,Not Applicable,Not Applicable,"$3,900.00 ",4.5,No,Historical 2026 CMS reference only — not verified 2027 benefits
Pasco,Giveback,Devoted,Devoted GIVEBACK 051 FL (HMO),H1290-051-001,H1290051,CMS 2026 county + segment match,DEVOTED GIVEBACK 051 FL (HMO),Devoted Health,HMO,Not Applicable,$0.00 ,"$6,750.00 ",5.0,No,Historical 2026 CMS reference only — not verified 2027 benefits
Pasco,Giveback,Optimum,Optimum Gold Rewards Plan (HMO),H5594-001,H5594001,CMS 2026 county + segment match,Optimum Gold Rewards Plan (HMO),"Optimum HealthCare, Inc.",HMO,Not Applicable,$0.00 ,"$1,900.00 ",4.5,No,Historical 2026 CMS reference only — not verified 2027 benefits
Pasco,Giveback,Simply,Simply Extra Platinum (HMO),H5471-117,H5471117,CMS 2026 county + segment match,Simply Extra Platinum (HMO),"Simply Healthcare Plans, Inc.",HMO,Not Applicable,$0.00 ,"$3,200.00 ",4.5,No,Historical 2026 CMS reference only — not verified 2027 benefits
Pasco,Giveback,Wellcare,Wellcare Patriot Giveback (HMO),H1032-239,H1032239,CMS 2026 county + segment match,Wellcare Patriot Giveback (HMO),Wellcare,HMO,Not Applicable,Not Applicable,"$5,000.00 ",4.0,No,Historical 2026 CMS reference only — not verified 2027 benefits
Pasco,Giveback,Ultimate Health Plans,Premier by Ultimate (HMO),H2962-001,H2962001,CMS 2026 county + segment match,Premier by Ultimate (HMO),Ultimate Health Plans,HMO,Not Applicable,$0.00 ,"$1,900.00 ",4.0,No,Historical 2026 CMS reference only — not verified 2027 benefits
Pasco,Core Plans,Humana,Humana Gold Plus (HMO),H1036-025,H1036025,CMS 2026 county + segment match,Humana Gold Plus H1036-025 (HMO),Humana,HMO,Not Applicable,$0.00 ,"$2,000.00 ",4.5,No,Historical 2026 CMS reference only — not verified 2027 benefits
Pasco,Core Plans,Aetna,Aetna Medicare Select (HMO),H1609-087,H1609087,CMS 2026 county + segment match,Aetna Medicare Select (HMO),Aetna Medicare,HMO,Not Applicable,$0.00 ,"$4,200.00 ",4.5,No,Historical 2026 CMS reference only — not verified 2027 benefits
Pasco,Core Plans,Devoted,Devoted CORE 036 FL (HMO),H1290-036-001,H1290036,CMS 2026 county + segment match,DEVOTED CORE 036 FL (HMO),Devoted Health,HMO,Not Applicable,$0.00 ,"$3,900.00 ",5.0,No,Historical 2026 CMS reference only — not verified 2027 benefits
Pasco,Core Plans,Devoted,Devoted CORE 058 FL (HMO),H1290-058,H1290058,CMS 2026 county + segment match,DEVOTED CORE 058 FL (HMO),Devoted Health,HMO,Not Applicable,$0.00 ,"$3,900.00 ",5.0,No,Historical 2026 CMS reference only — not verified 2027 benefits
Pasco,Core Plans,Devoted,Devoted PREMIUM 037 FL (HMO),H1290-037-005,H1290037,CMS 2026 county + segment match,DEVOTED PREMIUM 037 FL (HMO),Devoted Health,HMO,Not Applicable,$4.80 ,"$3,900.00 ",5.0,No,Historical 2026 CMS reference only — not verified 2027 benefits
Pasco,Core Plans,Doctors HealthCare,Doctors DrSelect-CFL (HMO),H4140-025,H4140025,Not in CY2026 landscape,,,,,,,,,Historical 2026 CMS reference only — not verified 2027 benefits
Pasco,Core Plans,Optimum,Optimum Platinum Plan (HMO),H5594-002,H5594002,CMS 2026 county + segment match,Optimum Platinum Plan (HMO),"Optimum HealthCare, Inc.",HMO,Not Applicable,$0.00 ,"$1,000.00 ",4.5,No,Historical 2026 CMS reference only — not verified 2027 benefits
Pasco,Core Plans,Simply,Simply More (HMO),H5471-078,H5471078,CMS 2026 county + segment match,Simply More (HMO),"Simply Healthcare Plans, Inc.",HMO,Not Applicable,$0.00 ,"$3,450.00 ",4.5,No,Historical 2026 CMS reference only — not verified 2027 benefits
Pasco,Core Plans,Solis,Solis Healthy Living Plan (HMO),H0982-009,H0982009,CMS 2026 county + segment match,Solis Healthy Living Plan (HMO),Solis Health Plans,HMO,Not Applicable,$0.00 ,"$2,900.00 ",4.5,No,Historical 2026 CMS reference only — not verified 2027 benefits
Pasco,Core Plans,Unknown,CareAccess (HMO),H1019-144,H1019144,CMS 2026 county + segment match,CareAccess (HMO),"CarePlus Health Plans, Inc.",HMO,Not Applicable,$0.00 ,"$3,750.00 ",4.5,No,Historical 2026 CMS reference only — not verified 2027 benefits
Pasco,Core Plans,Unknown,CareOne Plus (HMO),H1019-103-002,H1019103,CMS 2026 county + segment match,CareOne Plus (HMO),"CarePlus Health Plans, Inc.",HMO,Not Applicable,$0.00 ,"$2,000.00 ",4.5,No,Historical 2026 CMS reference only — not verified 2027 benefits
Pasco,C-SNP,UnitedHealthcare,UHC Complete Care FL-14 (HMO-POS-C-SNP),H1045-048-003,H1045048,CMS 2026 county + segment match,UHC Complete Care FL-14 (HMO-POS C-SNP),UnitedHealthcare,HMO-POS C-SNP,Chronic or Disabling Condition,$0.00 ,"$3,400.00 ",4.5,No,Historical 2026 CMS reference only — not verified 2027 benefits
Pasco,C-SNP,Humana,Humana Gold Plus - Diabetes and Heart (HMO C-SNP),H1036-299,H1036299,CMS 2026 county + segment match,Humana Gold Plus - Diabetes and Heart (HMO C-SNP),Humana,HMO C-SNP,Chronic or Disabling Condition,$0.00 ,"$2,000.00 ",4.5,No,Historical 2026 CMS reference only — not verified 2027 benefits
Pasco,C-SNP,Humana,Humana Gold Plus Lung (HMO C-SNP),H1036-312,H1036312,CMS 2026 county + segment match,Humana Gold Plus Lung (HMO C-SNP),Humana,HMO C-SNP,Chronic or Disabling Condition,$0.00 ,"$2,000.00 ",4.5,No,Historical 2026 CMS reference only — not verified 2027 benefits
Pasco,C-SNP,Aetna,Aetna Medicare Chronic Care (HMO C-SNP),H1609-082,H1609082,CMS 2026 county + segment match,Aetna Medicare Chronic Care (HMO C-SNP),Aetna Medicare,HMO C-SNP,Chronic or Disabling Condition,$0.00 ,"$4,200.00 ",4.5,No,Historical 2026 CMS reference only — not verified 2027 benefits
Pasco,C-SNP,CarePlus,CareBreeze (HMO C-SNP),H1019-154,H1019154,CMS 2026 county + segment match,CareBreeze (HMO C-SNP),"CarePlus Health Plans, Inc.",HMO C-SNP,Chronic or Disabling Condition,$0.00 ,"$2,000.00 ",4.5,No,Historical 2026 CMS reference only — not verified 2027 benefits
Pasco,C-SNP,CarePlus,CareBreeze Platinum        (HMO C-SNP),H1019-151-002,H1019151,CMS 2026 county + segment match,CareBreeze Platinum (HMO C-SNP),"CarePlus Health Plans, Inc.",HMO C-SNP,Chronic or Disabling Condition,$0.00 ,"$2,500.00 ",4.5,No,Historical 2026 CMS reference only — not verified 2027 benefits
Pasco,C-SNP,CarePlus,CareComplete (HMO C-SNP),H1019-150,H1019150,CMS 2026 county + segment match,CareComplete (HMO C-SNP),"CarePlus Health Plans, Inc.",HMO C-SNP,Chronic or Disabling Condition,$0.00 ,"$2,000.00 ",4.5,No,Historical 2026 CMS reference only — not verified 2027 benefits
Pasco,C-SNP,CarePlus,CareComplete Platinum (HMO C-SNP),H1019-147-002,H1019147,CMS 2026 county + segment match,CareComplete Platinum (HMO C-SNP),"CarePlus Health Plans, Inc.",HMO C-SNP,Chronic or Disabling Condition,$0.00 ,"$2,500.00 ",4.5,No,Historical 2026 CMS reference only — not verified 2027 benefits
Pasco,C-SNP,Doctors HealthCare,Doctors DrExtraCare-CFL (HMO C-SNP),H4140-026,H4140026,Not in CY2026 landscape,,,,,,,,,Historical 2026 CMS reference only — not verified 2027 benefits
Pasco,C-SNP,Simply,Simply Level (HMO C-SNP),H4571-075,H4571075,Not in CY2026 landscape,,,,,,,,,Historical 2026 CMS reference only — not verified 2027 benefits
Pasco,C-SNP,Simply,Simply Level Platinum       (HMO C-SNP),H5471-119,H5471119,CMS 2026 county + segment match,Simply Level Platinum (HMO C-SNP),"Simply Healthcare Plans, Inc.",HMO C-SNP,Chronic or Disabling Condition,$0.00 ,"$2,450.00 ",4.5,No,Historical 2026 CMS reference only — not verified 2027 benefits
Pasco,C-SNP,GK / Solis,GK Gold Dialysis & Kidney Complete (HMO-POS C-SNP),H1526-004,H1526004,CMS 2026 county + segment match,Gold Dialysis & Kidney Complete (HMO-POS C-SNP),Gold Kidney Health Plan,HMO-POS C-SNP,Chronic or Disabling Condition,$4.80 ,"$9,250.00 ",Not Enough Data Available,No,Historical 2026 CMS reference only — not verified 2027 benefits
Pasco,C-SNP,GK / Solis,GK Gold Heart & Diabetes (HMO-POS C-SNP),H1526-001,H1526001,CMS 2026 county + segment match,Gold Heart & Diabetes (HMO-POS C-SNP),Gold Kidney Health Plan,HMO-POS C-SNP,Chronic or Disabling Condition,$0.00 ,"$2,700.00 ",Not Enough Data Available,No,Historical 2026 CMS reference only — not verified 2027 benefits
Pasco,C-SNP,GK / Solis,GK Gold Heart & Diabetes Complete (HMO-POS C-SNP),H1526-002,H1526002,CMS 2026 county + segment match,Gold Heart & Diabetes Complete (HMO-POS C-SNP),Gold Kidney Health Plan,HMO-POS C-SNP,Chronic or Disabling Condition,$0.00 ,"$9,250.00 ",Not Enough Data Available,No,Historical 2026 CMS reference only — not verified 2027 benefits
Pasco,C-SNP,GK / Solis,Gold Dialysis & Kidney     (HMO-POS C-SNP),H1526-003,H1526003,CMS 2026 county + segment match,Gold Dialysis & Kidney (HMO-POS C-SNP),Gold Kidney Health Plan,HMO-POS C-SNP,Chronic or Disabling Condition,$0.00 ,"$3,100.00 ",Not Enough Data Available,No,Historical 2026 CMS reference only — not verified 2027 benefits
Pasco,C-SNP,Solis,Solis Wellness Giveback Plan (HMO C-SNP),H0982-031,H0982031,CMS 2026 county + segment match,Solis Wellness Giveback Plan (HMO C-SNP),Solis Health Plans,HMO C-SNP,Chronic or Disabling Condition,$0.00 ,"$2,700.00 ",4.5,No,Historical 2026 CMS reference only — not verified 2027 benefits
Pasco,C-SNP,Solis,Solis Wellness Plan (HMO C-SNP),H0982-019,H0982019,CMS 2026 county + segment match,Solis Wellness Plan (HMO C-SNP),Solis Health Plans,HMO C-SNP,Chronic or Disabling Condition,$0.00 ,"$2,500.00 ",4.5,No,Historical 2026 CMS reference only — not verified 2027 benefits
Pasco,C-SNP,Ultimate Health Plans,Advantage Care COPD by Ultimate (HMO C-SNP),H2962-025,H2962025,CMS 2026 county + segment match,Advantage Care COPD by Ultimate (HMO C-SNP),Ultimate Health Plans,HMO C-SNP,Chronic or Disabling Condition,$0.00 ,"$1,750.00 ",4.0,No,Historical 2026 CMS reference only — not verified 2027 benefits
Pasco,C-SNP,Ultimate Health Plans,Advantage Care by Ultimate (HMO C-SNP),H2962-021,H2962021,CMS 2026 county + segment match,Advantage Care by Ultimate (HMO C-SNP),Ultimate Health Plans,HMO C-SNP,Chronic or Disabling Condition,$0.00 ,"$1,750.00 ",4.0,No,Historical 2026 CMS reference only — not verified 2027 benefits
Pasco,D-SNP,UnitedHealthcare,UHC Dual Complete FL-Y5 (HMO-POS D-SNP),H2509-003,H2509003,CMS 2026 county + segment match,UHC Dual Complete FL-Y5 (HMO-POS D-SNP),UnitedHealthcare,HMO-POS D-SNP,Dual-Eligible,$0.00 ,"$9,250.00 ",3.5,No,Historical 2026 CMS reference only — not verified 2027 benefits
Pasco,D-SNP,UnitedHealthcare,UHC Dual Complete Fl-D002 (HMO-POS D-SNP),H1045-039,H1045039,CMS 2026 county + segment match,UHC Dual Complete FL-D002 (HMO-POS D-SNP),UnitedHealthcare,HMO-POS D-SNP,Dual-Eligible,$0.00 ,"$9,250.00 ",4.5,No,Historical 2026 CMS reference only — not verified 2027 benefits
Pasco,D-SNP,Humana,Humana Dual Integrated (HMO D-SNP),H1036-340,H1036340,CMS 2026 county + segment match,Humana Dual Integrated (HMO D-SNP),Humana,HMO D-SNP,Dual-Eligible,$0.00 ,"$9,250.00 ",4.5,No,Historical 2026 CMS reference only — not verified 2027 benefits
Pasco,D-SNP,Humana,Humana Fully Integrated (HMO D-SNP),H1036-280,H1036280,CMS 2026 county + segment match,Humana Fully Integrated H1036-280 (HMO D-SNP),Humana,HMO D-SNP,Dual-Eligible,$0.00 ,"$3,400.00 ",4.5,No,Historical 2026 CMS reference only — not verified 2027 benefits
Pasco,D-SNP,Humana,Humana Gold Plus SNP-DE (HMO D-SNP),H1036-102,H1036102,CMS 2026 county + segment match,Humana Gold Plus SNP-DE H1036-102 (HMO D-SNP),Humana,HMO D-SNP,Dual-Eligible,$0.00 ,"$1,500.00 ",4.5,No,Historical 2026 CMS reference only — not verified 2027 benefits
Pasco,D-SNP,Humana,Humana Gold Plus SNP-DE (HMO D-SNP),H1036-314,H1036314,CMS 2026 county + segment match,Humana Gold Plus SNP-DE H1036-314 (HMO D-SNP),Humana,HMO D-SNP,Dual-Eligible,$0.00 ,"$3,400.00 ",4.5,No,Historical 2026 CMS reference only — not verified 2027 benefits
Pasco,D-SNP,Aetna,Aetna Medicare Dual Select (HMO D-SNP),H1609-019,H1609019,CMS 2026 county + segment match,Aetna Medicare Dual Select (HMO D-SNP),Aetna Medicare,HMO D-SNP,Dual-Eligible,$0.00 ,"$9,250.00 ",4.5,No,Historical 2026 CMS reference only — not verified 2027 benefits
Pasco,D-SNP,Aetna,Aetna Medicare Dual Select (HMO D-SNP),H1609-044,H1609044,CMS 2026 county + segment match,Aetna Medicare Dual Select (HMO D-SNP),Aetna Medicare,HMO D-SNP,Dual-Eligible,$4.80 ,"$9,250.00 ",4.5,No,Historical 2026 CMS reference only — not verified 2027 benefits
Pasco,D-SNP,Aetna,Aetna Medicare Full Dual Select (HMO D-SNP),H1609-088,H1609088,CMS 2026 county + segment match,Aetna Medicare Full Dual Select (HMO D-SNP),Aetna Medicare,HMO D-SNP,Dual-Eligible,$4.80 ,"$9,250.00 ",4.5,No,Historical 2026 CMS reference only — not verified 2027 benefits
Pasco,D-SNP,Devoted,Devoted DUAL 024 FL    (HMO-D-SNP),H1290-024,H1290024,CMS 2026 county + segment match,DEVOTED DUAL 024 FL (HMO D-SNP),Devoted Health,HMO D-SNP,Dual-Eligible,$0.00 ,"$3,900.00 ",5.0,No,Historical 2026 CMS reference only — not verified 2027 benefits
Pasco,D-SNP,Devoted,Devoted DUAL PLUS 052 FL (HMO D-SNP),H1290-052,H1290052,CMS 2026 county + segment match,DEVOTED DUAL PLUS 052 FL (HMO D-SNP),Devoted Health,HMO D-SNP,Dual-Eligible,$0.00 ,"$9,250.00 ",5.0,No,Historical 2026 CMS reference only — not verified 2027 benefits
Pasco,D-SNP,Doctors HealthCare,Doctors DrFullDual-CFL (HMO D-SNP),H4140-017,H4140017,CMS 2026 county + segment match,DrPlatinum-CFL (HMO D-SNP),"Doctors HealthCare Plans, Inc.",HMO D-SNP,Dual-Eligible,$0.00 ,"$3,400.00 ",4.5,No,Historical 2026 CMS reference only — not verified 2027 benefits
Pasco,D-SNP,Freedom,Freedom Medi-Medi Full (HMO D-SNP),H5427-087,H5427087,CMS 2026 county + segment match,Freedom Medi-Medi Full (HMO D-SNP),"Freedom Health, Inc.",HMO D-SNP,Dual-Eligible,$0.00 ,$500.00 ,4.5,No,Historical 2026 CMS reference only — not verified 2027 benefits
Pasco,D-SNP,Freedom,Freedom Medi-Medi Partial (HMO D-SNP),H5427-078,H5427078,CMS 2026 county + segment match,Freedom Medi-Medi Partial (HMO D-SNP),"Freedom Health, Inc.",HMO D-SNP,Dual-Eligible,$0.00 ,$500.00 ,4.5,No,Historical 2026 CMS reference only — not verified 2027 benefits
Pasco,D-SNP,Optimum,Optimum Emerald Full (HMO D-SNP),H5594-017,H5594017,CMS 2026 county + segment match,Optimum Emerald Full (HMO D-SNP),"Optimum HealthCare, Inc.",HMO D-SNP,Dual-Eligible,$0.00 ,$500.00 ,4.5,No,Historical 2026 CMS reference only — not verified 2027 benefits
Pasco,D-SNP,Optimum,Optimum Emerald Partial (HMO D-SNP),H5594-016,H5594016,CMS 2026 county + segment match,Optimum Emerald Partial (HMO D-SNP),"Optimum HealthCare, Inc.",HMO D-SNP,Dual-Eligible,$0.00 ,$500.00 ,4.5,No,Historical 2026 CMS reference only — not verified 2027 benefits
Pasco,D-SNP,Simply,Simply Complete             (HMO D-SNP),H5471-082,H5471082,CMS 2026 county + segment match,Simply Complete (HMO D-SNP),"Simply Healthcare Plans, Inc.",HMO D-SNP,Dual-Eligible,$4.80 ,$500.00 ,4.5,No,Historical 2026 CMS reference only — not verified 2027 benefits
Pasco,D-SNP,Simply,Simply Complete Platinum (HMO D-SNP),H5471-118,H5471118,CMS 2026 county + segment match,Simply Complete Platinum (HMO D-SNP),"Simply Healthcare Plans, Inc.",HMO D-SNP,Dual-Eligible,$4.80 ,$500.00 ,4.5,No,Historical 2026 CMS reference only — not verified 2027 benefits
Pasco,D-SNP,Simply,Simply Integrated           (HMO D-SNP),H5471-131,H5471131,CMS 2026 county + segment match,Simply Integrated (HMO D-SNP),"Simply Healthcare Plans, Inc.",HMO D-SNP,Dual-Eligible,$4.80 ,$500.00 ,4.5,No,Historical 2026 CMS reference only — not verified 2027 benefits
Pasco,D-SNP,Simply,Simply Integrated Platinum (HMO D-SNP),H5471-135,H5471135,CMS 2026 county + segment match,Simply Integrated Platinum (HMO D-SNP),"Simply Healthcare Plans, Inc.",HMO D-SNP,Dual-Eligible,$0.00 ,$500.00 ,4.5,No,Historical 2026 CMS reference only — not verified 2027 benefits
Pasco,D-SNP,Wellcare,Wellcare Dual Access Sync     (HMO D-SNP),H1032-244-001,H1032244,CMS 2026 county + segment match,Wellcare Dual Access Sync (HMO D-SNP),Wellcare,HMO D-SNP,Dual-Eligible,$4.80 ,"$9,250.00 ",4.0,No,Historical 2026 CMS reference only — not verified 2027 benefits
Pasco,D-SNP,Wellcare,Wellcare Dual Reserve      (HMO D-SNP),H1032-202,H1032202,CMS 2026 county + segment match,Wellcare Dual Reserve (HMO D-SNP),Wellcare,HMO D-SNP,Dual-Eligible,$4.80 ,"$3,000.00 ",4.0,No,Historical 2026 CMS reference only — not verified 2027 benefits
Pasco,D-SNP,Wellcare,Wellcare Sunshine Health Dual Align (HMO D-SNP),H1032-245-001,H1032245,CMS 2026 county + segment match,Wellcare Sunshine Health Dual Align (HMO D-SNP),Wellcare,HMO D-SNP,Dual-Eligible,$4.80 ,"$9,250.00 ",4.0,No,Historical 2026 CMS reference only — not verified 2027 benefits
Pasco,D-SNP,Solis,Solis Guardian Plan (HMO D-SNP),H0982-010,H0982010,CMS 2026 county + segment match,Solis Guardian Plan (HMO D-SNP),Solis Health Plans,HMO D-SNP,Dual-Eligible,$4.80 ,"$3,400.00 ",4.5,No,Historical 2026 CMS reference only — not verified 2027 benefits
Pasco,D-SNP,Ultimate Health Plans,Advantage Plus by Ultimate Full (HMO D-SNP),H2962-035,H2962035,CMS 2026 county + segment match,Advantage Plus by Ultimate (Full) (HMO D-SNP),Ultimate Health Plans,HMO D-SNP,Dual-Eligible,$4.80 ,$500.00 ,4.0,No,Historical 2026 CMS reference only — not verified 2027 benefits
Pasco,D-SNP,Ultimate Health Plans,Advantage Plus by Ultimate Partial (HMO D-SNP),H2962-036,H2962036,CMS 2026 county + segment match,Advantage Plus by Ultimate (Partial) (HMO D-SNP),Ultimate Health Plans,HMO D-SNP,Dual-Eligible,$0.00 ,$500.00 ,4.0,No,Historical 2026 CMS reference only — not verified 2027 benefits
Pasco,D-SNP,Unknown,CareNeeds Extra               (HMO D-SNP),H1019-153,H1019153,CMS 2026 county + segment match,CareNeeds Extra (HMO D-SNP),"CarePlus Health Plans, Inc.",HMO D-SNP,Dual-Eligible,$0.00 ,"$9,250.00 ",4.5,No,Historical 2026 CMS reference only — not verified 2027 benefits
Pasco,D-SNP,Unknown,CareNeeds Platinum       (HMO D-SNP),H1019-146,H1019146,CMS 2026 county + segment match,CareNeeds Platinum (HMO D-SNP),"CarePlus Health Plans, Inc.",HMO D-SNP,Dual-Eligible,$0.00 ,"$3,400.00 ",4.5,No,Historical 2026 CMS reference only — not verified 2027 benefits
Pinellas,Giveback,Humana,Humana Gold Plus Giveback  (HMO),H1036-265-001,H1036265,CMS 2026 county + segment match,Humana Gold Plus Giveback H1036-265 (HMO),Humana,HMO,Not Applicable,$0.00 ,"$2,400.00 ",4.5,No,Historical 2026 CMS reference only — not verified 2027 benefits
Pinellas,Giveback,CarePlus,CareFree Platinum Giveback (HMO),H1019-104-002,H1019104,CMS 2026 county + segment match,CareFree Platinum Giveback (HMO),"CarePlus Health Plans, Inc.",HMO,Not Applicable,$0.00 ,"$2,800.00 ",4.5,No,Historical 2026 CMS reference only — not verified 2027 benefits
Pinellas,Giveback,CarePlus,CareSalute (HMO),H1019-132,H1019132,CMS 2026 county + segment match,CareSalute (HMO),"CarePlus Health Plans, Inc.",HMO,Not Applicable,Not Applicable,"$3,900.00 ",4.5,No,Historical 2026 CMS reference only — not verified 2027 benefits
Pinellas,Giveback,Devoted,Devoted GIVEBACK 051 FL (HMO),H1290-051-002,H1290051,CMS 2026 county + segment match,DEVOTED GIVEBACK 051 FL (HMO),Devoted Health,HMO,Not Applicable,$0.00 ,"$6,750.00 ",5.0,No,Historical 2026 CMS reference only — not verified 2027 benefits
Pinellas,Giveback,Optimum,Optimum Gold Rewards Plan (HMO),H5594-001,H5594001,CMS 2026 county + segment match,Optimum Gold Rewards Plan (HMO),"Optimum HealthCare, Inc.",HMO,Not Applicable,$0.00 ,"$1,900.00 ",4.5,No,Historical 2026 CMS reference only — not verified 2027 benefits
Pinellas,Giveback,Simply,Simply Extra Platinum (HMO),H5471-117,H5471117,CMS 2026 county + segment match,Simply Extra Platinum (HMO),"Simply Healthcare Plans, Inc.",HMO,Not Applicable,$0.00 ,"$3,200.00 ",4.5,No,Historical 2026 CMS reference only — not verified 2027 benefits
Pinellas,Giveback,Wellcare,Wellcare Patriot Giveback (HMO),H1032-239,H1032239,CMS 2026 county + segment match,Wellcare Patriot Giveback (HMO),Wellcare,HMO,Not Applicable,Not Applicable,"$5,000.00 ",4.0,No,Historical 2026 CMS reference only — not verified 2027 benefits
Pinellas,Giveback,Ultimate Health Plans,Premier by Ultimate (HMO),H2962-045,H2962045,CMS 2026 county + segment match,Premier by Ultimate (HMO),Ultimate Health Plans,HMO,Not Applicable,$0.00 ,"$1,900.00 ",4.0,No,Historical 2026 CMS reference only — not verified 2027 benefits
Pinellas,Core Plans,Humana,Humana Gold Plus (HMO),H1036-025,H1036025,CMS 2026 county + segment match,Humana Gold Plus H1036-025 (HMO),Humana,HMO,Not Applicable,$0.00 ,"$2,000.00 ",4.5,No,Historical 2026 CMS reference only — not verified 2027 benefits
Pinellas,Core Plans,Aetna,Aetna Medicare Select (HMO),H1609-087,H1609087,CMS 2026 county + segment match,Aetna Medicare Select (HMO),Aetna Medicare,HMO,Not Applicable,$0.00 ,"$4,200.00 ",4.5,No,Historical 2026 CMS reference only — not verified 2027 benefits
Pinellas,Core Plans,Aetna,Aetna Medicare Select Extra (HMO),H1609-028,H1609028,CMS 2026 county + segment match,Aetna Medicare Select Extra (HMO-POS),Aetna Medicare,HMO-POS,Not Applicable,$0.00 ,"$6,750.00 ",4.5,No,Historical 2026 CMS reference only — not verified 2027 benefits
Pinellas,Core Plans,Devoted,Devoted CORE 036 FL (HMO),H1290-036-002,H1290036,CMS 2026 county + segment match,DEVOTED CORE 036 FL (HMO),Devoted Health,HMO,Not Applicable,$0.00 ,"$6,750.00 ",5.0,No,Historical 2026 CMS reference only — not verified 2027 benefits
Pinellas,Core Plans,Devoted,Devoted CORE 065 FL (HMO),H1290-065,H1290065,CMS 2026 county + segment match,DEVOTED CORE 065 FL (HMO),Devoted Health,HMO,Not Applicable,$0.00 ,"$3,900.00 ",5.0,No,Historical 2026 CMS reference only — not verified 2027 benefits
Pinellas,Core Plans,Devoted,Devoted PREMIUM 037 FL (HMO),H1290-037-005,H1290037,CMS 2026 county + segment match,DEVOTED PREMIUM 037 FL (HMO),Devoted Health,HMO,Not Applicable,$4.80 ,"$3,900.00 ",5.0,No,Historical 2026 CMS reference only — not verified 2027 benefits
Pinellas,Core Plans,Optimum,Optimum Platinum Plan (HMO),H5594-002,H5594002,CMS 2026 county + segment match,Optimum Platinum Plan (HMO),"Optimum HealthCare, Inc.",HMO,Not Applicable,$0.00 ,"$1,000.00 ",4.5,No,Historical 2026 CMS reference only — not verified 2027 benefits
Pinellas,Core Plans,Simply,Simply More (HMO),H5471-078,H5471078,CMS 2026 county + segment match,Simply More (HMO),"Simply Healthcare Plans, Inc.",HMO,Not Applicable,$0.00 ,"$3,450.00 ",4.5,No,Historical 2026 CMS reference only — not verified 2027 benefits
Pinellas,Core Plans,Solis,Solis Healthy Living Plan (HMO),H0982-009,H0982009,CMS 2026 county + segment match,Solis Healthy Living Plan (HMO),Solis Health Plans,HMO,Not Applicable,$0.00 ,"$2,900.00 ",4.5,No,Historical 2026 CMS reference only — not verified 2027 benefits
Pinellas,Core Plans,Unknown,CareAccess (HMO),H1019-144,H1019144,CMS 2026 county + segment match,CareAccess (HMO),"CarePlus Health Plans, Inc.",HMO,Not Applicable,$0.00 ,"$3,750.00 ",4.5,No,Historical 2026 CMS reference only — not verified 2027 benefits
Pinellas,Core Plans,Unknown,CareOne Plus (HMO),H1019-103-002,H1019103,CMS 2026 county + segment match,CareOne Plus (HMO),"CarePlus Health Plans, Inc.",HMO,Not Applicable,$0.00 ,"$2,000.00 ",4.5,No,Historical 2026 CMS reference only — not verified 2027 benefits
Pinellas,C-SNP,UnitedHealthcare,UHC Complete Care FL-14 (HMO-POS-C-SNP),H1045-048-003,H1045048,CMS 2026 county + segment match,UHC Complete Care FL-14 (HMO-POS C-SNP),UnitedHealthcare,HMO-POS C-SNP,Chronic or Disabling Condition,$0.00 ,"$3,400.00 ",4.5,No,Historical 2026 CMS reference only — not verified 2027 benefits
Pinellas,C-SNP,Humana,Humana Gold Plus - Diabetes and Heart (HMO C-SNP),H1036-299,H1036299,CMS 2026 county + segment match,Humana Gold Plus - Diabetes and Heart (HMO C-SNP),Humana,HMO C-SNP,Chronic or Disabling Condition,$0.00 ,"$2,000.00 ",4.5,No,Historical 2026 CMS reference only — not verified 2027 benefits
Pinellas,C-SNP,Humana,Humana Gold Plus Lung (HMO C-SNP),H1036-312,H1036312,CMS 2026 county + segment match,Humana Gold Plus Lung (HMO C-SNP),Humana,HMO C-SNP,Chronic or Disabling Condition,$0.00 ,"$2,000.00 ",4.5,No,Historical 2026 CMS reference only — not verified 2027 benefits
Pinellas,C-SNP,Aetna,Aetna Medicare Chronic Care (HMO C-SNP),H1609-082,H1609082,CMS 2026 county + segment match,Aetna Medicare Chronic Care (HMO C-SNP),Aetna Medicare,HMO C-SNP,Chronic or Disabling Condition,$0.00 ,"$4,200.00 ",4.5,No,Historical 2026 CMS reference only — not verified 2027 benefits
Pinellas,C-SNP,CarePlus,CareBreeze (HMO C-SNP),H1019-154,H1019154,CMS 2026 county + segment match,CareBreeze (HMO C-SNP),"CarePlus Health Plans, Inc.",HMO C-SNP,Chronic or Disabling Condition,$0.00 ,"$2,000.00 ",4.5,No,Historical 2026 CMS reference only — not verified 2027 benefits
Pinellas,C-SNP,CarePlus,CareBreeze Platinum        (HMO C-SNP),H1019-151-002,H1019151,CMS 2026 county + segment match,CareBreeze Platinum (HMO C-SNP),"CarePlus Health Plans, Inc.",HMO C-SNP,Chronic or Disabling Condition,$0.00 ,"$2,500.00 ",4.5,No,Historical 2026 CMS reference only — not verified 2027 benefits
Pinellas,C-SNP,CarePlus,CareComplete (HMO C-SNP),H1019-150,H1019150,CMS 2026 county + segment match,CareComplete (HMO C-SNP),"CarePlus Health Plans, Inc.",HMO C-SNP,Chronic or Disabling Condition,$0.00 ,"$2,000.00 ",4.5,No,Historical 2026 CMS reference only — not verified 2027 benefits
Pinellas,C-SNP,CarePlus,CareComplete Platinum (HMO C-SNP),H1019-147-002,H1019147,CMS 2026 county + segment match,CareComplete Platinum (HMO C-SNP),"CarePlus Health Plans, Inc.",HMO C-SNP,Chronic or Disabling Condition,$0.00 ,"$2,500.00 ",4.5,No,Historical 2026 CMS reference only — not verified 2027 benefits
Pinellas,C-SNP,Devoted,Devoted C-SNP Plus 089 FL (HMO C-SNP),H1290-089,H1290089,CMS 2026 county + segment match,DEVOTED C-SNP PLUS 089 FL (HMO C-SNP),Devoted Health,HMO C-SNP,Chronic or Disabling Condition,$4.80 ,"$9,250.00 ",5.0,No,Historical 2026 CMS reference only — not verified 2027 benefits
Pinellas,C-SNP,Devoted,Devoted C-SNP Premium 069 FL (HMO C-SNP),H1290-069,H1290069,CMS 2026 county + segment match,DEVOTED C-SNP PREMIUM 069 FL (HMO C-SNP),Devoted Health,HMO C-SNP,Chronic or Disabling Condition,$4.80 ,"$3,900.00 ",5.0,No,Historical 2026 CMS reference only — not verified 2027 benefits
Pinellas,C-SNP,Simply,Simply Level (HMO C-SNP),H4571-075,H4571075,Not in CY2026 landscape,,,,,,,,,Historical 2026 CMS reference only — not verified 2027 benefits
Pinellas,C-SNP,Simply,Simply Level Platinum       (HMO C-SNP),H5471-119,H5471119,CMS 2026 county + segment match,Simply Level Platinum (HMO C-SNP),"Simply Healthcare Plans, Inc.",HMO C-SNP,Chronic or Disabling Condition,$0.00 ,"$2,450.00 ",4.5,No,Historical 2026 CMS reference only — not verified 2027 benefits
Pinellas,C-SNP,GK / Solis,GK Gold Dialysis & Kidney Complete (HMO-POS C-SNP),H1526-004,H1526004,CMS 2026 county + segment match,Gold Dialysis & Kidney Complete (HMO-POS C-SNP),Gold Kidney Health Plan,HMO-POS C-SNP,Chronic or Disabling Condition,$4.80 ,"$9,250.00 ",Not Enough Data Available,No,Historical 2026 CMS reference only — not verified 2027 benefits
Pinellas,C-SNP,GK / Solis,GK Gold Heart & Diabetes (HMO-POS C-SNP),H1526-001,H1526001,CMS 2026 county + segment match,Gold Heart & Diabetes (HMO-POS C-SNP),Gold Kidney Health Plan,HMO-POS C-SNP,Chronic or Disabling Condition,$0.00 ,"$2,700.00 ",Not Enough Data Available,No,Historical 2026 CMS reference only — not verified 2027 benefits
Pinellas,C-SNP,GK / Solis,GK Gold Heart & Diabetes Complete (HMO-POS C-SNP),H1526-002,H1526002,CMS 2026 county + segment match,Gold Heart & Diabetes Complete (HMO-POS C-SNP),Gold Kidney Health Plan,HMO-POS C-SNP,Chronic or Disabling Condition,$0.00 ,"$9,250.00 ",Not Enough Data Available,No,Historical 2026 CMS reference only — not verified 2027 benefits
Pinellas,C-SNP,GK / Solis,Gold Dialysis & Kidney     (HMO-POS C-SNP),H1526-003,H1526003,CMS 2026 county + segment match,Gold Dialysis & Kidney (HMO-POS C-SNP),Gold Kidney Health Plan,HMO-POS C-SNP,Chronic or Disabling Condition,$0.00 ,"$3,100.00 ",Not Enough Data Available,No,Historical 2026 CMS reference only — not verified 2027 benefits
Pinellas,C-SNP,Solis,Solis Wellness Giveback Plan (HMO C-SNP),H0982-031,H0982031,CMS 2026 county + segment match,Solis Wellness Giveback Plan (HMO C-SNP),Solis Health Plans,HMO C-SNP,Chronic or Disabling Condition,$0.00 ,"$2,700.00 ",4.5,No,Historical 2026 CMS reference only — not verified 2027 benefits
Pinellas,C-SNP,Solis,Solis Wellness Plan (HMO C-SNP),H0982-019,H0982019,CMS 2026 county + segment match,Solis Wellness Plan (HMO C-SNP),Solis Health Plans,HMO C-SNP,Chronic or Disabling Condition,$0.00 ,"$2,500.00 ",4.5,No,Historical 2026 CMS reference only — not verified 2027 benefits
Pinellas,C-SNP,Ultimate Health Plans,Advantage Care COPD by Ultimate (HMO C-SNP),H2962-025,H2962025,CMS 2026 county + segment match,Advantage Care COPD by Ultimate (HMO C-SNP),Ultimate Health Plans,HMO C-SNP,Chronic or Disabling Condition,$0.00 ,"$1,750.00 ",4.0,No,Historical 2026 CMS reference only — not verified 2027 benefits
Pinellas,C-SNP,Ultimate Health Plans,Advantage Care by Ultimate (HMO C-SNP),H2962-026,H2962026,CMS 2026 county + segment match,Advantage Care by Ultimate (HMO C-SNP),Ultimate Health Plans,HMO C-SNP,Chronic or Disabling Condition,$0.00 ,"$1,600.00 ",4.0,No,Historical 2026 CMS reference only — not verified 2027 benefits
Pinellas,D-SNP,UnitedHealthcare,UHC Dual Complete FL-Y5 (HMO-POS D-SNP),H2509-003,H2509003,CMS 2026 county + segment match,UHC Dual Complete FL-Y5 (HMO-POS D-SNP),UnitedHealthcare,HMO-POS D-SNP,Dual-Eligible,$0.00 ,"$9,250.00 ",3.5,No,Historical 2026 CMS reference only — not verified 2027 benefits
Pinellas,D-SNP,UnitedHealthcare,UHC Dual Complete Fl-D002 (HMO-POS D-SNP),H1045-039,H1045039,CMS 2026 county + segment match,UHC Dual Complete FL-D002 (HMO-POS D-SNP),UnitedHealthcare,HMO-POS D-SNP,Dual-Eligible,$0.00 ,"$9,250.00 ",4.5,No,Historical 2026 CMS reference only — not verified 2027 benefits
Pinellas,D-SNP,Humana,Humana Dual Integrated (HMO D-SNP),H1036-340,H1036340,CMS 2026 county + segment match,Humana Dual Integrated (HMO D-SNP),Humana,HMO D-SNP,Dual-Eligible,$0.00 ,"$9,250.00 ",4.5,No,Historical 2026 CMS reference only — not verified 2027 benefits
Pinellas,D-SNP,Humana,Humana Fully Integrated (HMO D-SNP),H1036-280,H1036280,CMS 2026 county + segment match,Humana Fully Integrated H1036-280 (HMO D-SNP),Humana,HMO D-SNP,Dual-Eligible,$0.00 ,"$3,400.00 ",4.5,No,Historical 2026 CMS reference only — not verified 2027 benefits
Pinellas,D-SNP,Humana,Humana Gold Plus SNP-DE (HMO D-SNP),H1036-102,H1036102,CMS 2026 county + segment match,Humana Gold Plus SNP-DE H1036-102 (HMO D-SNP),Humana,HMO D-SNP,Dual-Eligible,$0.00 ,"$1,500.00 ",4.5,No,Historical 2026 CMS reference only — not verified 2027 benefits
Pinellas,D-SNP,Humana,Humana Gold Plus SNP-DE (HMO D-SNP),H1036-314,H1036314,CMS 2026 county + segment match,Humana Gold Plus SNP-DE H1036-314 (HMO D-SNP),Humana,HMO D-SNP,Dual-Eligible,$0.00 ,"$3,400.00 ",4.5,No,Historical 2026 CMS reference only — not verified 2027 benefits
Pinellas,D-SNP,Aetna,Aetna Medicare Dual Select (HMO D-SNP),H1609-019,H1609019,CMS 2026 county + segment match,Aetna Medicare Dual Select (HMO D-SNP),Aetna Medicare,HMO D-SNP,Dual-Eligible,$0.00 ,"$9,250.00 ",4.5,No,Historical 2026 CMS reference only — not verified 2027 benefits
Pinellas,D-SNP,Aetna,Aetna Medicare Dual Select (HMO D-SNP),H1609-044,H1609044,CMS 2026 county + segment match,Aetna Medicare Dual Select (HMO D-SNP),Aetna Medicare,HMO D-SNP,Dual-Eligible,$4.80 ,"$9,250.00 ",4.5,No,Historical 2026 CMS reference only — not verified 2027 benefits
Pinellas,D-SNP,Aetna,Aetna Medicare Full Dual Select (HMO D-SNP),H1609-088,H1609088,CMS 2026 county + segment match,Aetna Medicare Full Dual Select (HMO D-SNP),Aetna Medicare,HMO D-SNP,Dual-Eligible,$4.80 ,"$9,250.00 ",4.5,No,Historical 2026 CMS reference only — not verified 2027 benefits
Pinellas,D-SNP,Devoted,Devoted DUAL 024 FL    (HMO-D-SNP),H1290-024,H1290024,CMS 2026 county + segment match,DEVOTED DUAL 024 FL (HMO D-SNP),Devoted Health,HMO D-SNP,Dual-Eligible,$0.00 ,"$3,900.00 ",5.0,No,Historical 2026 CMS reference only — not verified 2027 benefits
Pinellas,D-SNP,Devoted,Devoted DUAL FULL 082 FL (HMO D-SNP),H1290-082,H1290082,CMS 2026 county + segment match,DEVOTED DUAL FULL 082 FL (HMO D-SNP),Devoted Health,HMO D-SNP,Dual-Eligible,$0.00 ,"$9,250.00 ",5.0,No,Historical 2026 CMS reference only — not verified 2027 benefits
Pinellas,D-SNP,Devoted,Devoted DUAL PLUS 052 FL (HMO D-SNP),H1290-052,H1290052,CMS 2026 county + segment match,DEVOTED DUAL PLUS 052 FL (HMO D-SNP),Devoted Health,HMO D-SNP,Dual-Eligible,$0.00 ,"$9,250.00 ",5.0,No,Historical 2026 CMS reference only — not verified 2027 benefits
Pinellas,D-SNP,Freedom,Freedom Medi-Medi Full (HMO D-SNP),H5427-087,H5427087,CMS 2026 county + segment match,Freedom Medi-Medi Full (HMO D-SNP),"Freedom Health, Inc.",HMO D-SNP,Dual-Eligible,$0.00 ,$500.00 ,4.5,No,Historical 2026 CMS reference only — not verified 2027 benefits
Pinellas,D-SNP,Freedom,Freedom Medi-Medi Partial (HMO D-SNP),H5427-078,H5427078,CMS 2026 county + segment match,Freedom Medi-Medi Partial (HMO D-SNP),"Freedom Health, Inc.",HMO D-SNP,Dual-Eligible,$0.00 ,$500.00 ,4.5,No,Historical 2026 CMS reference only — not verified 2027 benefits
Pinellas,D-SNP,Optimum,Optimum Emerald Full (HMO D-SNP),H5594-017,H5594017,CMS 2026 county + segment match,Optimum Emerald Full (HMO D-SNP),"Optimum HealthCare, Inc.",HMO D-SNP,Dual-Eligible,$0.00 ,$500.00 ,4.5,No,Historical 2026 CMS reference only — not verified 2027 benefits
Pinellas,D-SNP,Optimum,Optimum Emerald Partial (HMO D-SNP),H5594-016,H5594016,CMS 2026 county + segment match,Optimum Emerald Partial (HMO D-SNP),"Optimum HealthCare, Inc.",HMO D-SNP,Dual-Eligible,$0.00 ,$500.00 ,4.5,No,Historical 2026 CMS reference only — not verified 2027 benefits
Pinellas,D-SNP,Simply,Simply Complete             (HMO D-SNP),H5471-082,H5471082,CMS 2026 county + segment match,Simply Complete (HMO D-SNP),"Simply Healthcare Plans, Inc.",HMO D-SNP,Dual-Eligible,$4.80 ,$500.00 ,4.5,No,Historical 2026 CMS reference only — not verified 2027 benefits
Pinellas,D-SNP,Simply,Simply Complete Platinum (HMO D-SNP),H5471-118,H5471118,CMS 2026 county + segment match,Simply Complete Platinum (HMO D-SNP),"Simply Healthcare Plans, Inc.",HMO D-SNP,Dual-Eligible,$4.80 ,$500.00 ,4.5,No,Historical 2026 CMS reference only — not verified 2027 benefits
Pinellas,D-SNP,Simply,Simply Integrated           (HMO D-SNP),H5471-131,H5471131,CMS 2026 county + segment match,Simply Integrated (HMO D-SNP),"Simply Healthcare Plans, Inc.",HMO D-SNP,Dual-Eligible,$4.80 ,$500.00 ,4.5,No,Historical 2026 CMS reference only — not verified 2027 benefits
Pinellas,D-SNP,Simply,Simply Integrated Platinum (HMO D-SNP),H5471-135,H5471135,CMS 2026 county + segment match,Simply Integrated Platinum (HMO D-SNP),"Simply Healthcare Plans, Inc.",HMO D-SNP,Dual-Eligible,$0.00 ,$500.00 ,4.5,No,Historical 2026 CMS reference only — not verified 2027 benefits
Pinellas,D-SNP,Wellcare,Wellcare Dual Access Sync     (HMO D-SNP),H1032-244-001,H1032244,CMS 2026 county + segment match,Wellcare Dual Access Sync (HMO D-SNP),Wellcare,HMO D-SNP,Dual-Eligible,$4.80 ,"$9,250.00 ",4.0,No,Historical 2026 CMS reference only — not verified 2027 benefits
Pinellas,D-SNP,Wellcare,Wellcare Dual Reserve      (HMO D-SNP),H1032-202,H1032202,CMS 2026 county + segment match,Wellcare Dual Reserve (HMO D-SNP),Wellcare,HMO D-SNP,Dual-Eligible,$4.80 ,"$3,000.00 ",4.0,No,Historical 2026 CMS reference only — not verified 2027 benefits
Pinellas,D-SNP,Wellcare,Wellcare Sunshine Health Dual Align (HMO D-SNP),H1032-245-001,H1032245,CMS 2026 county + segment match,Wellcare Sunshine Health Dual Align (HMO D-SNP),Wellcare,HMO D-SNP,Dual-Eligible,$4.80 ,"$9,250.00 ",4.0,No,Historical 2026 CMS reference only — not verified 2027 benefits
Pinellas,D-SNP,Solis,Solis Guardian Plan (HMO D-SNP),H0982-010,H0982010,CMS 2026 county + segment match,Solis Guardian Plan (HMO D-SNP),Solis Health Plans,HMO D-SNP,Dual-Eligible,$4.80 ,"$3,400.00 ",4.5,No,Historical 2026 CMS reference only — not verified 2027 benefits
Pinellas,D-SNP,Ultimate Health Plans,Advantage Plus by Ultimate Full (HMO D-SNP),H2962-035,H2962035,CMS 2026 county + segment match,Advantage Plus by Ultimate (Full) (HMO D-SNP),Ultimate Health Plans,HMO D-SNP,Dual-Eligible,$4.80 ,$500.00 ,4.0,No,Historical 2026 CMS reference only — not verified 2027 benefits
Pinellas,D-SNP,Ultimate Health Plans,Advantage Plus by Ultimate Partial (HMO D-SNP),H2962-036,H2962036,CMS 2026 county + segment match,Advantage Plus by Ultimate (Partial) (HMO D-SNP),Ultimate Health Plans,HMO D-SNP,Dual-Eligible,$0.00 ,$500.00 ,4.0,No,Historical 2026 CMS reference only — not verified 2027 benefits
Pinellas,D-SNP,Unknown,CareNeeds Extra               (HMO D-SNP),H1019-153,H1019153,CMS 2026 county + segment match,CareNeeds Extra (HMO D-SNP),"CarePlus Health Plans, Inc.",HMO D-SNP,Dual-Eligible,$0.00 ,"$9,250.00 ",4.5,No,Historical 2026 CMS reference only — not verified 2027 benefits
Pinellas,D-SNP,Unknown,CareNeeds Platinum       (HMO D-SNP),H1019-146,H1019146,CMS 2026 county + segment match,CareNeeds Platinum (HMO D-SNP),"CarePlus Health Plans, Inc.",HMO D-SNP,Dual-Eligible,$0.00 ,"$3,400.00 ",4.5,No,Historical 2026 CMS reference only — not verified 2027 benefits
Miami-Dade,Core Plans,UnitedHealthcare / AARP (Noncommissionable),AARP® Medicare Advantage from UHC FL-0031 (Regional PPO),R0759-001,R0759001,CMS 2026 county + segment match,AARP Medicare Advantage from UHC FL-0031 (Regional PPO),UnitedHealthcare,Regional PPO,Not Applicable,$62.00 ,"$9,250.00 ",3.5,No,Historical 2026 CMS reference only — not verified 2027 benefits
Miami-Dade,Core Plans,UnitedHealthcare / AARP (Noncommissionable),AARP® Medicare Advantage Patriot No Rx FL-MA01 (Regional PPO),R0759-002,R0759002,CMS 2026 county + segment match,AARP Medicare Advantage Patriot No Rx FL-MA01 (Regional PPO),UnitedHealthcare,Regional PPO,Not Applicable,Not Applicable,"$9,250.00 ",3.5,No,Historical 2026 CMS reference only — not verified 2027 benefits
Broward,Core Plans,UnitedHealthcare / AARP (Noncommissionable),AARP® Medicare Advantage from UHC FL-0031 (Regional PPO),R0759-001,R0759001,CMS 2026 county + segment match,AARP Medicare Advantage from UHC FL-0031 (Regional PPO),UnitedHealthcare,Regional PPO,Not Applicable,$62.00 ,"$9,250.00 ",3.5,No,Historical 2026 CMS reference only — not verified 2027 benefits
Broward,Core Plans,UnitedHealthcare / AARP (Noncommissionable),AARP® Medicare Advantage Patriot No Rx FL-MA01 (Regional PPO),R0759-002,R0759002,CMS 2026 county + segment match,AARP Medicare Advantage Patriot No Rx FL-MA01 (Regional PPO),UnitedHealthcare,Regional PPO,Not Applicable,Not Applicable,"$9,250.00 ",3.5,No,Historical 2026 CMS reference only — not verified 2027 benefits
Broward,C-SNP,Doctors HealthCare,Doctors DrExtraCare-SFL (HMO C-SNP),H4140-024,H4140024,Not in CY2026 landscape,,,,,,,,,Historical 2026 CMS reference only — not verified 2027 benefits
Broward,D-SNP,Doctors HealthCare,Doctors DrPartialDual-SFL (HMO D-SNP),H4140-020,H4140020,Not in CY2026 landscape,,,,,,,,,Historical 2026 CMS reference only — not verified 2027 benefits
Orange,D-SNP,Doctors HealthCare,Doctors DrPartialDual-CFL (HMO D-SNP),H4140-021,H4140021,Not in CY2026 landscape,,,,,,,,,Historical 2026 CMS reference only — not verified 2027 benefits
Osceola,D-SNP,Doctors HealthCare,Doctors DrPartialDual-CFL (HMO D-SNP),H4140-021,H4140021,Not in CY2026 landscape,,,,,,,,,Historical 2026 CMS reference only — not verified 2027 benefits
Seminole,D-SNP,Doctors HealthCare,Doctors DrPartialDual-CFL (HMO D-SNP),H4140-021,H4140021,Not in CY2026 landscape,,,,,,,,,Historical 2026 CMS reference only — not verified 2027 benefits
Polk,D-SNP,Doctors HealthCare,Doctors DrPartialDual-CFL (HMO D-SNP),H4140-021,H4140021,Not in CY2026 landscape,,,,,,,,,Historical 2026 CMS reference only — not verified 2027 benefits
Hillsborough,D-SNP,Doctors HealthCare,Doctors DrPartialDual-CFL (HMO D-SNP),H4140-021,H4140021,Not in CY2026 landscape,,,,,,,,,Historical 2026 CMS reference only — not verified 2027 benefits
Pasco,D-SNP,Doctors HealthCare,Doctors DrPartialDual-CFL (HMO D-SNP),H4140-021,H4140021,Not in CY2026 landscape,,,,,,,,,Historical 2026 CMS reference only — not verified 2027 benefits
Miami-Dade,C-SNP,Solis,Solis Balanced Plan (HMO C-SNP),Pending official 2027 plan ID,,Pending official 2027 plan ID,,,,,,,,,Historical 2026 CMS reference only — not verified 2027 benefits
Broward,C-SNP,Solis,Solis Balanced Plan (HMO C-SNP),Pending official 2027 plan ID,,Pending official 2027 plan ID,,,,,,,,,Historical 2026 CMS reference only — not verified 2027 benefits
Palm Beach,C-SNP,Solis,Solis Balanced Plan (HMO C-SNP),Pending official 2027 plan ID,,Pending official 2027 plan ID,,,,,,,,,Historical 2026 CMS reference only — not verified 2027 benefits
